ppv_region|master_postcode_1|lat_1|lon_1|master_postcode_2|lat_2|lon_2|time_sec
Selangor/KL/Putrajaya|40000|3.069037|101.523418|41000|3.04174|101.44928|853
Selangor/KL/Putrajaya|40000|3.069037|101.523418|42000|2.999783|101.393592|1466
Selangor/KL/Putrajaya|40000|3.069037|101.523418|42200|3.13694|101.374542|1605
Selangor/KL/Putrajaya|40000|3.069037|101.523418|42300|3.071723|101.454247|1512
Selangor/KL/Putrajaya|40000|3.069037|101.523418|42500|2.910571|101.468592|2112
Selangor/KL/Putrajaya|40000|3.069037|101.523418|42600|2.87567778|101.49953858|2111
Selangor/KL/Putrajaya|40000|3.069037|101.523418|42700|2.811255|101.499568|2952
Selangor/KL/Putrajaya|40000|3.069037|101.523418|42800|2.662653|101.557797|4867
Selangor/KL/Putrajaya|40000|3.069037|101.523418|42920|2.93707|101.325659|2274
Selangor/KL/Putrajaya|40000|3.069037|101.523418|42940|3.020418|101.253784|inf
Selangor/KL/Putrajaya|40000|3.069037|101.523418|42960|2.85004716|101.37569652|2713
Selangor/KL/Putrajaya|40000|3.069037|101.523418|43000|2.99319|101.787|2330
Selangor/KL/Putrajaya|40000|3.069037|101.523418|43100|3.10037869|101.80299706|2355
Selangor/KL/Putrajaya|40000|3.069037|101.523418|43200|3.048914445|101.7688979|2038
Selangor/KL/Putrajaya|40000|3.069037|101.523418|43300|3.0221|101.70547|1960
Selangor/KL/Putrajaya|40000|3.069037|101.523418|43400|2.99259052499155|101.7048806187|2011
Selangor/KL/Putrajaya|40000|3.069037|101.523418|43500|2.947598|101.844711|2900
Selangor/KL/Putrajaya|40000|3.069037|101.523418|43600|2.94331538|101.76357543|2355
Selangor/KL/Putrajaya|40000|3.069037|101.523418|43700|2.86881012|101.86989746|3383
Selangor/KL/Putrajaya|40000|3.069037|101.523418|43900|2.690242|101.751039|4869
Selangor/KL/Putrajaya|40000|3.069037|101.523418|43950|2.643865|101.718497|5365
Selangor/KL/Putrajaya|40000|3.069037|101.523418|44000|3.562871|101.658865|4268
Selangor/KL/Putrajaya|40000|3.069037|101.523418|44200|3.496655|101.633051|3597
Selangor/KL/Putrajaya|40000|3.069037|101.523418|44300|3.4638771|101.65633089|3948
Selangor/KL/Putrajaya|40000|3.069037|101.523418|45000|3.342043|101.248981|3467
Selangor/KL/Putrajaya|40000|3.069037|101.523418|45100|3.842558|100.895663|7718
Selangor/KL/Putrajaya|40000|3.069037|101.523418|45200|3.769493|100.983632|6943
Selangor/KL/Putrajaya|40000|3.069037|101.523418|45300|3.676208|100.986402|6226
Selangor/KL/Putrajaya|40000|3.069037|101.523418|45400|3.508705|101.103137|5131
Selangor/KL/Putrajaya|40000|3.069037|101.523418|45500|3.426269|101.176976|4408
Selangor/KL/Putrajaya|40000|3.069037|101.523418|45600|3.379264|101.409819|3016
Selangor/KL/Putrajaya|40000|3.069037|101.523418|45700|3.309783|101.316481|2996
Selangor/KL/Putrajaya|40000|3.069037|101.523418|45800|3.26099|101.304808|2751
Selangor/KL/Putrajaya|40000|3.069037|101.523418|46000|3.086439|101.649091|955
Selangor/KL/Putrajaya|40000|3.069037|101.523418|46150|3.072257555|101.62387631|1336
Selangor/KL/Putrajaya|40000|3.069037|101.523418|46300|3.110464412|101.6263315|1110
Selangor/KL/Putrajaya|40000|3.069037|101.523418|47000|3.209228|101.563796|1538
Selangor/KL/Putrajaya|40000|3.069037|101.523418|47100|3.00725|101.60488|1274
Selangor/KL/Putrajaya|40000|3.069037|101.523418|47200|3.05807611|101.59866162|842
Selangor/KL/Putrajaya|40000|3.069037|101.523418|48000|3.320579|101.575825|2194
Selangor/KL/Putrajaya|40000|3.069037|101.523418|48100|3.318829|101.472824|2552
Selangor/KL/Putrajaya|40000|3.069037|101.523418|48200|3.36499321|101.60397874|2890
Selangor/KL/Putrajaya|40000|3.069037|101.523418|50000|3.143717|101.694244|1313
Selangor/KL/Putrajaya|40000|3.069037|101.523418|53100|3.26023787|101.7333987|2443
Selangor/KL/Putrajaya|40000|3.069037|101.523418|62000|2.93723|101.69482|2077
Selangor/KL/Putrajaya|40000|3.069037|101.523418|63000|2.858811|101.677911|2020
Selangor/KL/Putrajaya|40000|3.069037|101.523418|64000|2.75421|101.70507|2249
Selangor/KL/Putrajaya|40000|3.069037|101.523418|68000|3.14687|101.76269|1959
Selangor/KL/Putrajaya|40000|3.069037|101.523418|68100|3.236517|101.673419|2096
Selangor/KL/Putrajaya|41000|3.04174|101.44928|42000|2.999783|101.393592|961
Selangor/KL/Putrajaya|41000|3.04174|101.44928|42200|3.13694|101.374542|1494
Selangor/KL/Putrajaya|41000|3.04174|101.44928|42300|3.071723|101.454247|1174
Selangor/KL/Putrajaya|41000|3.04174|101.44928|42500|2.910571|101.468592|1996
Selangor/KL/Putrajaya|41000|3.04174|101.44928|42600|2.87567778|101.49953858|2470
Selangor/KL/Putrajaya|41000|3.04174|101.44928|42700|2.811255|101.499568|3176
Selangor/KL/Putrajaya|41000|3.04174|101.44928|42800|2.662653|101.557797|4787
Selangor/KL/Putrajaya|41000|3.04174|101.44928|42920|2.93707|101.325659|1880
Selangor/KL/Putrajaya|41000|3.04174|101.44928|42940|3.020418|101.253784|inf
Selangor/KL/Putrajaya|41000|3.04174|101.44928|42960|2.85004716|101.37569652|2806
Selangor/KL/Putrajaya|41000|3.04174|101.44928|43000|2.99319|101.787|3103
Selangor/KL/Putrajaya|41000|3.04174|101.44928|43100|3.10037869|101.80299706|3128
Selangor/KL/Putrajaya|41000|3.04174|101.44928|43200|3.048914445|101.7688979|2811
Selangor/KL/Putrajaya|41000|3.04174|101.44928|43300|3.0221|101.70547|2732
Selangor/KL/Putrajaya|41000|3.04174|101.44928|43400|2.99259052499155|101.7048806187|2784
Selangor/KL/Putrajaya|41000|3.04174|101.44928|43500|2.947598|101.844711|3673
Selangor/KL/Putrajaya|41000|3.04174|101.44928|43600|2.94331538|101.76357543|3128
Selangor/KL/Putrajaya|41000|3.04174|101.44928|43700|2.86881012|101.86989746|4156
Selangor/KL/Putrajaya|41000|3.04174|101.44928|43900|2.690242|101.751039|5641
Selangor/KL/Putrajaya|41000|3.04174|101.44928|43950|2.643865|101.718497|5905
Selangor/KL/Putrajaya|41000|3.04174|101.44928|44000|3.562871|101.658865|4950
Selangor/KL/Putrajaya|41000|3.04174|101.44928|44200|3.496655|101.633051|4279
Selangor/KL/Putrajaya|41000|3.04174|101.44928|44300|3.4638771|101.65633089|4630
Selangor/KL/Putrajaya|41000|3.04174|101.44928|45000|3.342043|101.248981|3382
Selangor/KL/Putrajaya|41000|3.04174|101.44928|45100|3.842558|100.895663|7634
Selangor/KL/Putrajaya|41000|3.04174|101.44928|45200|3.769493|100.983632|6859
Selangor/KL/Putrajaya|41000|3.04174|101.44928|45300|3.676208|100.986402|6141
Selangor/KL/Putrajaya|41000|3.04174|101.44928|45400|3.508705|101.103137|5047
Selangor/KL/Putrajaya|41000|3.04174|101.44928|45500|3.426269|101.176976|4324
Selangor/KL/Putrajaya|41000|3.04174|101.44928|45600|3.379264|101.409819|3667
Selangor/KL/Putrajaya|41000|3.04174|101.44928|45700|3.309783|101.316481|3084
Selangor/KL/Putrajaya|41000|3.04174|101.44928|45800|3.26099|101.304808|2641
Selangor/KL/Putrajaya|41000|3.04174|101.44928|46000|3.086439|101.649091|1728
Selangor/KL/Putrajaya|41000|3.04174|101.44928|46150|3.072257555|101.62387631|2109
Selangor/KL/Putrajaya|41000|3.04174|101.44928|46300|3.110464412|101.6263315|1883
Selangor/KL/Putrajaya|41000|3.04174|101.44928|47000|3.209228|101.563796|2220
Selangor/KL/Putrajaya|41000|3.04174|101.44928|47100|3.00725|101.60488|2047
Selangor/KL/Putrajaya|41000|3.04174|101.44928|47200|3.05807611|101.59866162|1615
Selangor/KL/Putrajaya|41000|3.04174|101.44928|48000|3.320579|101.575825|2876
Selangor/KL/Putrajaya|41000|3.04174|101.44928|48100|3.318829|101.472824|3202
Selangor/KL/Putrajaya|41000|3.04174|101.44928|48200|3.36499321|101.60397874|3572
Selangor/KL/Putrajaya|41000|3.04174|101.44928|50000|3.143717|101.694244|2086
Selangor/KL/Putrajaya|41000|3.04174|101.44928|53100|3.26023787|101.7333987|3125
Selangor/KL/Putrajaya|41000|3.04174|101.44928|62000|2.93723|101.69482|2850
Selangor/KL/Putrajaya|41000|3.04174|101.44928|63000|2.858811|101.677911|2792
Selangor/KL/Putrajaya|41000|3.04174|101.44928|64000|2.75421|101.70507|3022
Selangor/KL/Putrajaya|41000|3.04174|101.44928|68000|3.14687|101.76269|2732
Selangor/KL/Putrajaya|41000|3.04174|101.44928|68100|3.236517|101.673419|2778
Selangor/KL/Putrajaya|42000|2.999783|101.393592|42200|3.13694|101.374542|2011
Selangor/KL/Putrajaya|42000|2.999783|101.393592|42300|3.071723|101.454247|1263
Selangor/KL/Putrajaya|42000|2.999783|101.393592|42500|2.910571|101.468592|1761
Selangor/KL/Putrajaya|42000|2.999783|101.393592|42600|2.87567778|101.49953858|2236
Selangor/KL/Putrajaya|42000|2.999783|101.393592|42700|2.811255|101.499568|2942
Selangor/KL/Putrajaya|42000|2.999783|101.393592|42800|2.662653|101.557797|4553
Selangor/KL/Putrajaya|42000|2.999783|101.393592|42920|2.93707|101.325659|1291
Selangor/KL/Putrajaya|42000|2.999783|101.393592|42940|3.020418|101.253784|inf
Selangor/KL/Putrajaya|42000|2.999783|101.393592|42960|2.85004716|101.37569652|2572
Selangor/KL/Putrajaya|42000|2.999783|101.393592|43000|2.99319|101.787|3411
Selangor/KL/Putrajaya|42000|2.999783|101.393592|43100|3.10037869|101.80299706|3645
Selangor/KL/Putrajaya|42000|2.999783|101.393592|43200|3.048914445|101.7688979|3328
Selangor/KL/Putrajaya|42000|2.999783|101.393592|43300|3.0221|101.70547|3016
Selangor/KL/Putrajaya|42000|2.999783|101.393592|43400|2.99259052499155|101.7048806187|2920
Selangor/KL/Putrajaya|42000|2.999783|101.393592|43500|2.947598|101.844711|3963
Selangor/KL/Putrajaya|42000|2.999783|101.393592|43600|2.94331538|101.76357543|3419
Selangor/KL/Putrajaya|42000|2.999783|101.393592|43700|2.86881012|101.86989746|4494
Selangor/KL/Putrajaya|42000|2.999783|101.393592|43900|2.690242|101.751039|6158
Selangor/KL/Putrajaya|42000|2.999783|101.393592|43950|2.643865|101.718497|5670
Selangor/KL/Putrajaya|42000|2.999783|101.393592|44000|3.562871|101.658865|5467
Selangor/KL/Putrajaya|42000|2.999783|101.393592|44200|3.496655|101.633051|4796
Selangor/KL/Putrajaya|42000|2.999783|101.393592|44300|3.4638771|101.65633089|5147
Selangor/KL/Putrajaya|42000|2.999783|101.393592|45000|3.342043|101.248981|3899
Selangor/KL/Putrajaya|42000|2.999783|101.393592|45100|3.842558|100.895663|8150
Selangor/KL/Putrajaya|42000|2.999783|101.393592|45200|3.769493|100.983632|7376
Selangor/KL/Putrajaya|42000|2.999783|101.393592|45300|3.676208|100.986402|6658
Selangor/KL/Putrajaya|42000|2.999783|101.393592|45400|3.508705|101.103137|5563
Selangor/KL/Putrajaya|42000|2.999783|101.393592|45500|3.426269|101.176976|4840
Selangor/KL/Putrajaya|42000|2.999783|101.393592|45600|3.379264|101.409819|4175
Selangor/KL/Putrajaya|42000|2.999783|101.393592|45700|3.309783|101.316481|3601
Selangor/KL/Putrajaya|42000|2.999783|101.393592|45800|3.26099|101.304808|3157
Selangor/KL/Putrajaya|42000|2.999783|101.393592|46000|3.086439|101.649091|2244
Selangor/KL/Putrajaya|42000|2.999783|101.393592|46150|3.072257555|101.62387631|2358
Selangor/KL/Putrajaya|42000|2.999783|101.393592|46300|3.110464412|101.6263315|2399
Selangor/KL/Putrajaya|42000|2.999783|101.393592|47000|3.209228|101.563796|2737
Selangor/KL/Putrajaya|42000|2.999783|101.393592|47100|3.00725|101.60488|2183
Selangor/KL/Putrajaya|42000|2.999783|101.393592|47200|3.05807611|101.59866162|1980
Selangor/KL/Putrajaya|42000|2.999783|101.393592|48000|3.320579|101.575825|3393
Selangor/KL/Putrajaya|42000|2.999783|101.393592|48100|3.318829|101.472824|3719
Selangor/KL/Putrajaya|42000|2.999783|101.393592|48200|3.36499321|101.60397874|4089
Selangor/KL/Putrajaya|42000|2.999783|101.393592|50000|3.143717|101.694244|2603
Selangor/KL/Putrajaya|42000|2.999783|101.393592|53100|3.26023787|101.7333987|3642
Selangor/KL/Putrajaya|42000|2.999783|101.393592|62000|2.93723|101.69482|2986
Selangor/KL/Putrajaya|42000|2.999783|101.393592|63000|2.858811|101.677911|3131
Selangor/KL/Putrajaya|42000|2.999783|101.393592|64000|2.75421|101.70507|3361
Selangor/KL/Putrajaya|42000|2.999783|101.393592|68000|3.14687|101.76269|3249
Selangor/KL/Putrajaya|42000|2.999783|101.393592|68100|3.236517|101.673419|3295
Selangor/KL/Putrajaya|42200|3.13694|101.374542|42300|3.071723|101.454247|1060
Selangor/KL/Putrajaya|42200|3.13694|101.374542|42500|2.910571|101.468592|3175
Selangor/KL/Putrajaya|42200|3.13694|101.374542|42600|2.87567778|101.49953858|3650
Selangor/KL/Putrajaya|42200|3.13694|101.374542|42700|2.811255|101.499568|4137
Selangor/KL/Putrajaya|42200|3.13694|101.374542|42800|2.662653|101.557797|5967
Selangor/KL/Putrajaya|42200|3.13694|101.374542|42920|2.93707|101.325659|2996
Selangor/KL/Putrajaya|42200|3.13694|101.374542|42940|3.020418|101.253784|inf
Selangor/KL/Putrajaya|42200|3.13694|101.374542|42960|2.85004716|101.37569652|3986
Selangor/KL/Putrajaya|42200|3.13694|101.374542|43000|2.99319|101.787|3812
Selangor/KL/Putrajaya|42200|3.13694|101.374542|43100|3.10037869|101.80299706|3837
Selangor/KL/Putrajaya|42200|3.13694|101.374542|43200|3.048914445|101.7688979|3520
Selangor/KL/Putrajaya|42200|3.13694|101.374542|43300|3.0221|101.70547|3442
Selangor/KL/Putrajaya|42200|3.13694|101.374542|43400|2.99259052499155|101.7048806187|3456
Selangor/KL/Putrajaya|42200|3.13694|101.374542|43500|2.947598|101.844711|4382
Selangor/KL/Putrajaya|42200|3.13694|101.374542|43600|2.94331538|101.76357543|3837
Selangor/KL/Putrajaya|42200|3.13694|101.374542|43700|2.86881012|101.86989746|4757
Selangor/KL/Putrajaya|42200|3.13694|101.374542|43900|2.690242|101.751039|6243
Selangor/KL/Putrajaya|42200|3.13694|101.374542|43950|2.643865|101.718497|6740
Selangor/KL/Putrajaya|42200|3.13694|101.374542|44000|3.562871|101.658865|5194
Selangor/KL/Putrajaya|42200|3.13694|101.374542|44200|3.496655|101.633051|4600
Selangor/KL/Putrajaya|42200|3.13694|101.374542|44300|3.4638771|101.65633089|4684
Selangor/KL/Putrajaya|42200|3.13694|101.374542|45000|3.342043|101.248981|1888
Selangor/KL/Putrajaya|42200|3.13694|101.374542|45100|3.842558|100.895663|6139
Selangor/KL/Putrajaya|42200|3.13694|101.374542|45200|3.769493|100.983632|5364
Selangor/KL/Putrajaya|42200|3.13694|101.374542|45300|3.676208|100.986402|4647
Selangor/KL/Putrajaya|42200|3.13694|101.374542|45400|3.508705|101.103137|3552
Selangor/KL/Putrajaya|42200|3.13694|101.374542|45500|3.426269|101.176976|2829
Selangor/KL/Putrajaya|42200|3.13694|101.374542|45600|3.379264|101.409819|2431
Selangor/KL/Putrajaya|42200|3.13694|101.374542|45700|3.309783|101.316481|1590
Selangor/KL/Putrajaya|42200|3.13694|101.374542|45800|3.26099|101.304808|1146
Selangor/KL/Putrajaya|42200|3.13694|101.374542|46000|3.086439|101.649091|2437
Selangor/KL/Putrajaya|42200|3.13694|101.374542|46150|3.072257555|101.62387631|2818
Selangor/KL/Putrajaya|42200|3.13694|101.374542|46300|3.110464412|101.6263315|2592
Selangor/KL/Putrajaya|42200|3.13694|101.374542|47000|3.209228|101.563796|2846
Selangor/KL/Putrajaya|42200|3.13694|101.374542|47100|3.00725|101.60488|2719
Selangor/KL/Putrajaya|42200|3.13694|101.374542|47200|3.05807611|101.59866162|2324
Selangor/KL/Putrajaya|42200|3.13694|101.374542|48000|3.320579|101.575825|3197
Selangor/KL/Putrajaya|42200|3.13694|101.374542|48100|3.318829|101.472824|2597
Selangor/KL/Putrajaya|42200|3.13694|101.374542|48200|3.36499321|101.60397874|3626
Selangor/KL/Putrajaya|42200|3.13694|101.374542|50000|3.143717|101.694244|2795
Selangor/KL/Putrajaya|42200|3.13694|101.374542|53100|3.26023787|101.7333987|3635
Selangor/KL/Putrajaya|42200|3.13694|101.374542|62000|2.93723|101.69482|3505
Selangor/KL/Putrajaya|42200|3.13694|101.374542|63000|2.858811|101.677911|3394
Selangor/KL/Putrajaya|42200|3.13694|101.374542|64000|2.75421|101.70507|3624
Selangor/KL/Putrajaya|42200|3.13694|101.374542|68000|3.14687|101.76269|3441
Selangor/KL/Putrajaya|42200|3.13694|101.374542|68100|3.236517|101.673419|3288
Selangor/KL/Putrajaya|42300|3.071723|101.454247|42500|2.910571|101.468592|2115
Selangor/KL/Putrajaya|42300|3.071723|101.454247|42600|2.87567778|101.49953858|2590
Selangor/KL/Putrajaya|42300|3.071723|101.454247|42700|2.811255|101.499568|3077
Selangor/KL/Putrajaya|42300|3.071723|101.454247|42800|2.662653|101.557797|4907
Selangor/KL/Putrajaya|42300|3.071723|101.454247|42920|2.93707|101.325659|2112
Selangor/KL/Putrajaya|42300|3.071723|101.454247|42940|3.020418|101.253784|inf
Selangor/KL/Putrajaya|42300|3.071723|101.454247|42960|2.85004716|101.37569652|2926
Selangor/KL/Putrajaya|42300|3.071723|101.454247|43000|2.99319|101.787|2752
Selangor/KL/Putrajaya|42300|3.071723|101.454247|43100|3.10037869|101.80299706|2777
Selangor/KL/Putrajaya|42300|3.071723|101.454247|43200|3.048914445|101.7688979|2460
Selangor/KL/Putrajaya|42300|3.071723|101.454247|43300|3.0221|101.70547|2382
Selangor/KL/Putrajaya|42300|3.071723|101.454247|43400|2.99259052499155|101.7048806187|2396
Selangor/KL/Putrajaya|42300|3.071723|101.454247|43500|2.947598|101.844711|3322
Selangor/KL/Putrajaya|42300|3.071723|101.454247|43600|2.94331538|101.76357543|2778
Selangor/KL/Putrajaya|42300|3.071723|101.454247|43700|2.86881012|101.86989746|3698
Selangor/KL/Putrajaya|42300|3.071723|101.454247|43900|2.690242|101.751039|5183
Selangor/KL/Putrajaya|42300|3.071723|101.454247|43950|2.643865|101.718497|5680
Selangor/KL/Putrajaya|42300|3.071723|101.454247|44000|3.562871|101.658865|4400
Selangor/KL/Putrajaya|42300|3.071723|101.454247|44200|3.496655|101.633051|3729
Selangor/KL/Putrajaya|42300|3.071723|101.454247|44300|3.4638771|101.65633089|4081
Selangor/KL/Putrajaya|42300|3.071723|101.454247|45000|3.342043|101.248981|2926
Selangor/KL/Putrajaya|42300|3.071723|101.454247|45100|3.842558|100.895663|7178
Selangor/KL/Putrajaya|42300|3.071723|101.454247|45200|3.769493|100.983632|6403
Selangor/KL/Putrajaya|42300|3.071723|101.454247|45300|3.676208|100.986402|5685
Selangor/KL/Putrajaya|42300|3.071723|101.454247|45400|3.508705|101.103137|4591
Selangor/KL/Putrajaya|42300|3.071723|101.454247|45500|3.426269|101.176976|3867
Selangor/KL/Putrajaya|42300|3.071723|101.454247|45600|3.379264|101.409819|3117
Selangor/KL/Putrajaya|42300|3.071723|101.454247|45700|3.309783|101.316481|2628
Selangor/KL/Putrajaya|42300|3.071723|101.454247|45800|3.26099|101.304808|2184
Selangor/KL/Putrajaya|42300|3.071723|101.454247|46000|3.086439|101.649091|1377
Selangor/KL/Putrajaya|42300|3.071723|101.454247|46150|3.072257555|101.62387631|1758
Selangor/KL/Putrajaya|42300|3.071723|101.454247|46300|3.110464412|101.6263315|1532
Selangor/KL/Putrajaya|42300|3.071723|101.454247|47000|3.209228|101.563796|1670
Selangor/KL/Putrajaya|42300|3.071723|101.454247|47100|3.00725|101.60488|1659
Selangor/KL/Putrajaya|42300|3.071723|101.454247|47200|3.05807611|101.59866162|1264
Selangor/KL/Putrajaya|42300|3.071723|101.454247|48000|3.320579|101.575825|2326
Selangor/KL/Putrajaya|42300|3.071723|101.454247|48100|3.318829|101.472824|2653
Selangor/KL/Putrajaya|42300|3.071723|101.454247|48200|3.36499321|101.60397874|3022
Selangor/KL/Putrajaya|42300|3.071723|101.454247|50000|3.143717|101.694244|1736
Selangor/KL/Putrajaya|42300|3.071723|101.454247|53100|3.26023787|101.7333987|2575
Selangor/KL/Putrajaya|42300|3.071723|101.454247|62000|2.93723|101.69482|2445
Selangor/KL/Putrajaya|42300|3.071723|101.454247|63000|2.858811|101.677911|2334
Selangor/KL/Putrajaya|42300|3.071723|101.454247|64000|2.75421|101.70507|2564
Selangor/KL/Putrajaya|42300|3.071723|101.454247|68000|3.14687|101.76269|2381
Selangor/KL/Putrajaya|42300|3.071723|101.454247|68100|3.236517|101.673419|2229
Selangor/KL/Putrajaya|42500|2.910571|101.468592|42600|2.87567778|101.49953858|829
Selangor/KL/Putrajaya|42500|2.910571|101.468592|42700|2.811255|101.499568|1534
Selangor/KL/Putrajaya|42500|2.910571|101.468592|42800|2.662653|101.557797|3146
Selangor/KL/Putrajaya|42500|2.910571|101.468592|42920|2.93707|101.325659|1981
Selangor/KL/Putrajaya|42500|2.910571|101.468592|42940|3.020418|101.253784|inf
Selangor/KL/Putrajaya|42500|2.910571|101.468592|42960|2.85004716|101.37569652|1165
Selangor/KL/Putrajaya|42500|2.910571|101.468592|43000|2.99319|101.787|2585
Selangor/KL/Putrajaya|42500|2.910571|101.468592|43100|3.10037869|101.80299706|3449
Selangor/KL/Putrajaya|42500|2.910571|101.468592|43200|3.048914445|101.7688979|2818
Selangor/KL/Putrajaya|42500|2.910571|101.468592|43300|3.0221|101.70547|2460
Selangor/KL/Putrajaya|42500|2.910571|101.468592|43400|2.99259052499155|101.7048806187|2061
Selangor/KL/Putrajaya|42500|2.910571|101.468592|43500|2.947598|101.844711|3138
Selangor/KL/Putrajaya|42500|2.910571|101.468592|43600|2.94331538|101.76357543|2757
Selangor/KL/Putrajaya|42500|2.910571|101.468592|43700|2.86881012|101.86989746|3775
Selangor/KL/Putrajaya|42500|2.910571|101.468592|43900|2.690242|101.751039|4750
Selangor/KL/Putrajaya|42500|2.910571|101.468592|43950|2.643865|101.718497|4263
Selangor/KL/Putrajaya|42500|2.910571|101.468592|44000|3.562871|101.658865|5876
Selangor/KL/Putrajaya|42500|2.910571|101.468592|44200|3.496655|101.633051|5205
Selangor/KL/Putrajaya|42500|2.910571|101.468592|44300|3.4638771|101.65633089|5557
Selangor/KL/Putrajaya|42500|2.910571|101.468592|45000|3.342043|101.248981|5030
Selangor/KL/Putrajaya|42500|2.910571|101.468592|45100|3.842558|100.895663|9282
Selangor/KL/Putrajaya|42500|2.910571|101.468592|45200|3.769493|100.983632|8507
Selangor/KL/Putrajaya|42500|2.910571|101.468592|45300|3.676208|100.986402|7789
Selangor/KL/Putrajaya|42500|2.910571|101.468592|45400|3.508705|101.103137|6695
Selangor/KL/Putrajaya|42500|2.910571|101.468592|45500|3.426269|101.176976|5972
Selangor/KL/Putrajaya|42500|2.910571|101.468592|45600|3.379264|101.409819|4677
Selangor/KL/Putrajaya|42500|2.910571|101.468592|45700|3.309783|101.316481|4656
Selangor/KL/Putrajaya|42500|2.910571|101.468592|45800|3.26099|101.304808|4288
Selangor/KL/Putrajaya|42500|2.910571|101.468592|46000|3.086439|101.649091|2508
Selangor/KL/Putrajaya|42500|2.910571|101.468592|46150|3.072257555|101.62387631|2576
Selangor/KL/Putrajaya|42500|2.910571|101.468592|46300|3.110464412|101.6263315|2784
Selangor/KL/Putrajaya|42500|2.910571|101.468592|47000|3.209228|101.563796|3146
Selangor/KL/Putrajaya|42500|2.910571|101.468592|47100|3.00725|101.60488|2143
Selangor/KL/Putrajaya|42500|2.910571|101.468592|47200|3.05807611|101.59866162|2198
Selangor/KL/Putrajaya|42500|2.910571|101.468592|48000|3.320579|101.575825|3802
Selangor/KL/Putrajaya|42500|2.910571|101.468592|48100|3.318829|101.472824|4212
Selangor/KL/Putrajaya|42500|2.910571|101.468592|48200|3.36499321|101.60397874|4498
Selangor/KL/Putrajaya|42500|2.910571|101.468592|50000|3.143717|101.694244|2988
Selangor/KL/Putrajaya|42500|2.910571|101.468592|53100|3.26023787|101.7333987|4051
Selangor/KL/Putrajaya|42500|2.910571|101.468592|62000|2.93723|101.69482|2127
Selangor/KL/Putrajaya|42500|2.910571|101.468592|63000|2.858811|101.677911|2499
Selangor/KL/Putrajaya|42500|2.910571|101.468592|64000|2.75421|101.70507|2642
Selangor/KL/Putrajaya|42500|2.910571|101.468592|68000|3.14687|101.76269|3536
Selangor/KL/Putrajaya|42500|2.910571|101.468592|68100|3.236517|101.673419|3705
Selangor/KL/Putrajaya|42600|2.87567778|101.49953858|42700|2.811255|101.499568|901
Selangor/KL/Putrajaya|42600|2.87567778|101.49953858|42800|2.662653|101.557797|2816
Selangor/KL/Putrajaya|42600|2.87567778|101.49953858|42920|2.93707|101.325659|1941
Selangor/KL/Putrajaya|42600|2.87567778|101.49953858|42940|3.020418|101.253784|inf
Selangor/KL/Putrajaya|42600|2.87567778|101.49953858|42960|2.85004716|101.37569652|1170
Selangor/KL/Putrajaya|42600|2.87567778|101.49953858|43000|2.99319|101.787|2382
Selangor/KL/Putrajaya|42600|2.87567778|101.49953858|43100|3.10037869|101.80299706|3246
Selangor/KL/Putrajaya|42600|2.87567778|101.49953858|43200|3.048914445|101.7688979|2615
Selangor/KL/Putrajaya|42600|2.87567778|101.49953858|43300|3.0221|101.70547|2258
Selangor/KL/Putrajaya|42600|2.87567778|101.49953858|43400|2.99259052499155|101.7048806187|1859
Selangor/KL/Putrajaya|42600|2.87567778|101.49953858|43500|2.947598|101.844711|2935
Selangor/KL/Putrajaya|42600|2.87567778|101.49953858|43600|2.94331538|101.76357543|2554
Selangor/KL/Putrajaya|42600|2.87567778|101.49953858|43700|2.86881012|101.86989746|3573
Selangor/KL/Putrajaya|42600|2.87567778|101.49953858|43900|2.690242|101.751039|4421
Selangor/KL/Putrajaya|42600|2.87567778|101.49953858|43950|2.643865|101.718497|3934
Selangor/KL/Putrajaya|42600|2.87567778|101.49953858|44000|3.562871|101.658865|5596
Selangor/KL/Putrajaya|42600|2.87567778|101.49953858|44200|3.496655|101.633051|4925
Selangor/KL/Putrajaya|42600|2.87567778|101.49953858|44300|3.4638771|101.65633089|5276
Selangor/KL/Putrajaya|42600|2.87567778|101.49953858|45000|3.342043|101.248981|4777
Selangor/KL/Putrajaya|42600|2.87567778|101.49953858|45100|3.842558|100.895663|9028
Selangor/KL/Putrajaya|42600|2.87567778|101.49953858|45200|3.769493|100.983632|8253
Selangor/KL/Putrajaya|42600|2.87567778|101.49953858|45300|3.676208|100.986402|7536
Selangor/KL/Putrajaya|42600|2.87567778|101.49953858|45400|3.508705|101.103137|6441
Selangor/KL/Putrajaya|42600|2.87567778|101.49953858|45500|3.426269|101.176976|5718
Selangor/KL/Putrajaya|42600|2.87567778|101.49953858|45600|3.379264|101.409819|4326
Selangor/KL/Putrajaya|42600|2.87567778|101.49953858|45700|3.309783|101.316481|4306
Selangor/KL/Putrajaya|42600|2.87567778|101.49953858|45800|3.26099|101.304808|4257
Selangor/KL/Putrajaya|42600|2.87567778|101.49953858|46000|3.086439|101.649091|2442
Selangor/KL/Putrajaya|42600|2.87567778|101.49953858|46150|3.072257555|101.62387631|2510
Selangor/KL/Putrajaya|42600|2.87567778|101.49953858|46300|3.110464412|101.6263315|2719
Selangor/KL/Putrajaya|42600|2.87567778|101.49953858|47000|3.209228|101.563796|2866
Selangor/KL/Putrajaya|42600|2.87567778|101.49953858|47100|3.00725|101.60488|1940
Selangor/KL/Putrajaya|42600|2.87567778|101.49953858|47200|3.05807611|101.59866162|2132
Selangor/KL/Putrajaya|42600|2.87567778|101.49953858|48000|3.320579|101.575825|3522
Selangor/KL/Putrajaya|42600|2.87567778|101.49953858|48100|3.318829|101.472824|3862
Selangor/KL/Putrajaya|42600|2.87567778|101.49953858|48200|3.36499321|101.60397874|4218
Selangor/KL/Putrajaya|42600|2.87567778|101.49953858|50000|3.143717|101.694244|2949
Selangor/KL/Putrajaya|42600|2.87567778|101.49953858|53100|3.26023787|101.7333987|3771
Selangor/KL/Putrajaya|42600|2.87567778|101.49953858|62000|2.93723|101.69482|1924
Selangor/KL/Putrajaya|42600|2.87567778|101.49953858|63000|2.858811|101.677911|1866
Selangor/KL/Putrajaya|42600|2.87567778|101.49953858|64000|2.75421|101.70507|2237
Selangor/KL/Putrajaya|42600|2.87567778|101.49953858|68000|3.14687|101.76269|3372
Selangor/KL/Putrajaya|42600|2.87567778|101.49953858|68100|3.236517|101.673419|3424
Selangor/KL/Putrajaya|42700|2.811255|101.499568|42800|2.662653|101.557797|1941
Selangor/KL/Putrajaya|42700|2.811255|101.499568|42920|2.93707|101.325659|2748
Selangor/KL/Putrajaya|42700|2.811255|101.499568|42940|3.020418|101.253784|inf
Selangor/KL/Putrajaya|42700|2.811255|101.499568|42960|2.85004716|101.37569652|1859
Selangor/KL/Putrajaya|42700|2.811255|101.499568|43000|2.99319|101.787|3189
Selangor/KL/Putrajaya|42700|2.811255|101.499568|43100|3.10037869|101.80299706|4053
Selangor/KL/Putrajaya|42700|2.811255|101.499568|43200|3.048914445|101.7688979|3422
Selangor/KL/Putrajaya|42700|2.811255|101.499568|43300|3.0221|101.70547|3065
Selangor/KL/Putrajaya|42700|2.811255|101.499568|43400|2.99259052499155|101.7048806187|2666
Selangor/KL/Putrajaya|42700|2.811255|101.499568|43500|2.947598|101.844711|3742
Selangor/KL/Putrajaya|42700|2.811255|101.499568|43600|2.94331538|101.76357543|3361
Selangor/KL/Putrajaya|42700|2.811255|101.499568|43700|2.86881012|101.86989746|3872
Selangor/KL/Putrajaya|42700|2.811255|101.499568|43900|2.690242|101.751039|3545
Selangor/KL/Putrajaya|42700|2.811255|101.499568|43950|2.643865|101.718497|3058
Selangor/KL/Putrajaya|42700|2.811255|101.499568|44000|3.562871|101.658865|6499
Selangor/KL/Putrajaya|42700|2.811255|101.499568|44200|3.496655|101.633051|5828
Selangor/KL/Putrajaya|42700|2.811255|101.499568|44300|3.4638771|101.65633089|6179
Selangor/KL/Putrajaya|42700|2.811255|101.499568|45000|3.342043|101.248981|5680
Selangor/KL/Putrajaya|42700|2.811255|101.499568|45100|3.842558|100.895663|9931
Selangor/KL/Putrajaya|42700|2.811255|101.499568|45200|3.769493|100.983632|9156
Selangor/KL/Putrajaya|42700|2.811255|101.499568|45300|3.676208|100.986402|8439
Selangor/KL/Putrajaya|42700|2.811255|101.499568|45400|3.508705|101.103137|7344
Selangor/KL/Putrajaya|42700|2.811255|101.499568|45500|3.426269|101.176976|6621
Selangor/KL/Putrajaya|42700|2.811255|101.499568|45600|3.379264|101.409819|5229
Selangor/KL/Putrajaya|42700|2.811255|101.499568|45700|3.309783|101.316481|5209
Selangor/KL/Putrajaya|42700|2.811255|101.499568|45800|3.26099|101.304808|5128
Selangor/KL/Putrajaya|42700|2.811255|101.499568|46000|3.086439|101.649091|3379
Selangor/KL/Putrajaya|42700|2.811255|101.499568|46150|3.072257555|101.62387631|3447
Selangor/KL/Putrajaya|42700|2.811255|101.499568|46300|3.110464412|101.6263315|3656
Selangor/KL/Putrajaya|42700|2.811255|101.499568|47000|3.209228|101.563796|3769
Selangor/KL/Putrajaya|42700|2.811255|101.499568|47100|3.00725|101.60488|2747
Selangor/KL/Putrajaya|42700|2.811255|101.499568|47200|3.05807611|101.59866162|3069
Selangor/KL/Putrajaya|42700|2.811255|101.499568|48000|3.320579|101.575825|4425
Selangor/KL/Putrajaya|42700|2.811255|101.499568|48100|3.318829|101.472824|4765
Selangor/KL/Putrajaya|42700|2.811255|101.499568|48200|3.36499321|101.60397874|5121
Selangor/KL/Putrajaya|42700|2.811255|101.499568|50000|3.143717|101.694244|3755
Selangor/KL/Putrajaya|42700|2.811255|101.499568|53100|3.26023787|101.7333987|4674
Selangor/KL/Putrajaya|42700|2.811255|101.499568|62000|2.93723|101.69482|2731
Selangor/KL/Putrajaya|42700|2.811255|101.499568|63000|2.858811|101.677911|1850
Selangor/KL/Putrajaya|42700|2.811255|101.499568|64000|2.75421|101.70507|2221
Selangor/KL/Putrajaya|42700|2.811255|101.499568|68000|3.14687|101.76269|4179
Selangor/KL/Putrajaya|42700|2.811255|101.499568|68100|3.236517|101.673419|4327
Selangor/KL/Putrajaya|42800|2.662653|101.557797|42920|2.93707|101.325659|4638
Selangor/KL/Putrajaya|42800|2.662653|101.557797|42940|3.020418|101.253784|inf
Selangor/KL/Putrajaya|42800|2.662653|101.557797|42960|2.85004716|101.37569652|3269
Selangor/KL/Putrajaya|42800|2.662653|101.557797|43000|2.99319|101.787|4968
Selangor/KL/Putrajaya|42800|2.662653|101.557797|43100|3.10037869|101.80299706|5832
Selangor/KL/Putrajaya|42800|2.662653|101.557797|43200|3.048914445|101.7688979|5201
Selangor/KL/Putrajaya|42800|2.662653|101.557797|43300|3.0221|101.70547|4804
Selangor/KL/Putrajaya|42800|2.662653|101.557797|43400|2.99259052499155|101.7048806187|4555
Selangor/KL/Putrajaya|42800|2.662653|101.557797|43500|2.947598|101.844711|4650
Selangor/KL/Putrajaya|42800|2.662653|101.557797|43600|2.94331538|101.76357543|4479
Selangor/KL/Putrajaya|42800|2.662653|101.557797|43700|2.86881012|101.86989746|4310
Selangor/KL/Putrajaya|42800|2.662653|101.557797|43900|2.690242|101.751039|1757
Selangor/KL/Putrajaya|42800|2.662653|101.557797|43950|2.643865|101.718497|1269
Selangor/KL/Putrajaya|42800|2.662653|101.557797|44000|3.562871|101.658865|8389
Selangor/KL/Putrajaya|42800|2.662653|101.557797|44200|3.496655|101.633051|7718
Selangor/KL/Putrajaya|42800|2.662653|101.557797|44300|3.4638771|101.65633089|8069
Selangor/KL/Putrajaya|42800|2.662653|101.557797|45000|3.342043|101.248981|7570
Selangor/KL/Putrajaya|42800|2.662653|101.557797|45100|3.842558|100.895663|11821
Selangor/KL/Putrajaya|42800|2.662653|101.557797|45200|3.769493|100.983632|11046
Selangor/KL/Putrajaya|42800|2.662653|101.557797|45300|3.676208|100.986402|10329
Selangor/KL/Putrajaya|42800|2.662653|101.557797|45400|3.508705|101.103137|9234
Selangor/KL/Putrajaya|42800|2.662653|101.557797|45500|3.426269|101.176976|8511
Selangor/KL/Putrajaya|42800|2.662653|101.557797|45600|3.379264|101.409819|7119
Selangor/KL/Putrajaya|42800|2.662653|101.557797|45700|3.309783|101.316481|7099
Selangor/KL/Putrajaya|42800|2.662653|101.557797|45800|3.26099|101.304808|7017
Selangor/KL/Putrajaya|42800|2.662653|101.557797|46000|3.086439|101.649091|5269
Selangor/KL/Putrajaya|42800|2.662653|101.557797|46150|3.072257555|101.62387631|5337
Selangor/KL/Putrajaya|42800|2.662653|101.557797|46300|3.110464412|101.6263315|5545
Selangor/KL/Putrajaya|42800|2.662653|101.557797|47000|3.209228|101.563796|5659
Selangor/KL/Putrajaya|42800|2.662653|101.557797|47100|3.00725|101.60488|4637
Selangor/KL/Putrajaya|42800|2.662653|101.557797|47200|3.05807611|101.59866162|4959
Selangor/KL/Putrajaya|42800|2.662653|101.557797|48000|3.320579|101.575825|6315
Selangor/KL/Putrajaya|42800|2.662653|101.557797|48100|3.318829|101.472824|6655
Selangor/KL/Putrajaya|42800|2.662653|101.557797|48200|3.36499321|101.60397874|7011
Selangor/KL/Putrajaya|42800|2.662653|101.557797|50000|3.143717|101.694244|5230
Selangor/KL/Putrajaya|42800|2.662653|101.557797|53100|3.26023787|101.7333987|6622
Selangor/KL/Putrajaya|42800|2.662653|101.557797|62000|2.93723|101.69482|4441
Selangor/KL/Putrajaya|42800|2.662653|101.557797|63000|2.858811|101.677911|3632
Selangor/KL/Putrajaya|42800|2.662653|101.557797|64000|2.75421|101.70507|3272
Selangor/KL/Putrajaya|42800|2.662653|101.557797|68000|3.14687|101.76269|5670
Selangor/KL/Putrajaya|42800|2.662653|101.557797|68100|3.236517|101.673419|6217
Selangor/KL/Putrajaya|42920|2.93707|101.325659|42940|3.020418|101.253784|inf
Selangor/KL/Putrajaya|42920|2.93707|101.325659|42960|2.85004716|101.37569652|2645
Selangor/KL/Putrajaya|42920|2.93707|101.325659|43000|2.99319|101.787|3516
Selangor/KL/Putrajaya|42920|2.93707|101.325659|43100|3.10037869|101.80299706|4043
Selangor/KL/Putrajaya|42920|2.93707|101.325659|43200|3.048914445|101.7688979|3749
Selangor/KL/Putrajaya|42920|2.93707|101.325659|43300|3.0221|101.70547|3391
Selangor/KL/Putrajaya|42920|2.93707|101.325659|43400|2.99259052499155|101.7048806187|2992
Selangor/KL/Putrajaya|42920|2.93707|101.325659|43500|2.947598|101.844711|4069
Selangor/KL/Putrajaya|42920|2.93707|101.325659|43600|2.94331538|101.76357543|3688
Selangor/KL/Putrajaya|42920|2.93707|101.325659|43700|2.86881012|101.86989746|4706
Selangor/KL/Putrajaya|42920|2.93707|101.325659|43900|2.690242|101.751039|6268
Selangor/KL/Putrajaya|42920|2.93707|101.325659|43950|2.643865|101.718497|5781
Selangor/KL/Putrajaya|42920|2.93707|101.325659|44000|3.562871|101.658865|6111
Selangor/KL/Putrajaya|42920|2.93707|101.325659|44200|3.496655|101.633051|5440
Selangor/KL/Putrajaya|42920|2.93707|101.325659|44300|3.4638771|101.65633089|5791
Selangor/KL/Putrajaya|42920|2.93707|101.325659|45000|3.342043|101.248981|4847
Selangor/KL/Putrajaya|42920|2.93707|101.325659|45100|3.842558|100.895663|9098
Selangor/KL/Putrajaya|42920|2.93707|101.325659|45200|3.769493|100.983632|8323
Selangor/KL/Putrajaya|42920|2.93707|101.325659|45300|3.676208|100.986402|7606
Selangor/KL/Putrajaya|42920|2.93707|101.325659|45400|3.508705|101.103137|6511
Selangor/KL/Putrajaya|42920|2.93707|101.325659|45500|3.426269|101.176976|5788
Selangor/KL/Putrajaya|42920|2.93707|101.325659|45600|3.379264|101.409819|4911
Selangor/KL/Putrajaya|42920|2.93707|101.325659|45700|3.309783|101.316481|4549
Selangor/KL/Putrajaya|42920|2.93707|101.325659|45800|3.26099|101.304808|4105
Selangor/KL/Putrajaya|42920|2.93707|101.325659|46000|3.086439|101.649091|2742
Selangor/KL/Putrajaya|42920|2.93707|101.325659|46150|3.072257555|101.62387631|2810
Selangor/KL/Putrajaya|42920|2.93707|101.325659|46300|3.110464412|101.6263315|3019
Selangor/KL/Putrajaya|42920|2.93707|101.325659|47000|3.209228|101.563796|3381
Selangor/KL/Putrajaya|42920|2.93707|101.325659|47100|3.00725|101.60488|2636
Selangor/KL/Putrajaya|42920|2.93707|101.325659|47200|3.05807611|101.59866162|2432
Selangor/KL/Putrajaya|42920|2.93707|101.325659|48000|3.320579|101.575825|4037
Selangor/KL/Putrajaya|42920|2.93707|101.325659|48100|3.318829|101.472824|4447
Selangor/KL/Putrajaya|42920|2.93707|101.325659|48200|3.36499321|101.60397874|4732
Selangor/KL/Putrajaya|42920|2.93707|101.325659|50000|3.143717|101.694244|3222
Selangor/KL/Putrajaya|42920|2.93707|101.325659|53100|3.26023787|101.7333987|4285
Selangor/KL/Putrajaya|42920|2.93707|101.325659|62000|2.93723|101.69482|3058
Selangor/KL/Putrajaya|42920|2.93707|101.325659|63000|2.858811|101.677911|3343
Selangor/KL/Putrajaya|42920|2.93707|101.325659|64000|2.75421|101.70507|3573
Selangor/KL/Putrajaya|42920|2.93707|101.325659|68000|3.14687|101.76269|3771
Selangor/KL/Putrajaya|42920|2.93707|101.325659|68100|3.236517|101.673419|3939
Selangor/KL/Putrajaya|42940|3.020418|101.253784|42960|2.85004716|101.37569652|inf
Selangor/KL/Putrajaya|42940|3.020418|101.253784|43000|2.99319|101.787|inf
Selangor/KL/Putrajaya|42940|3.020418|101.253784|43100|3.10037869|101.80299706|inf
Selangor/KL/Putrajaya|42940|3.020418|101.253784|43200|3.048914445|101.7688979|inf
Selangor/KL/Putrajaya|42940|3.020418|101.253784|43300|3.0221|101.70547|inf
Selangor/KL/Putrajaya|42940|3.020418|101.253784|43400|2.99259052499155|101.7048806187|inf
Selangor/KL/Putrajaya|42940|3.020418|101.253784|43500|2.947598|101.844711|inf
Selangor/KL/Putrajaya|42940|3.020418|101.253784|43600|2.94331538|101.76357543|inf
Selangor/KL/Putrajaya|42940|3.020418|101.253784|43700|2.86881012|101.86989746|inf
Selangor/KL/Putrajaya|42940|3.020418|101.253784|43900|2.690242|101.751039|inf
Selangor/KL/Putrajaya|42940|3.020418|101.253784|43950|2.643865|101.718497|inf
Selangor/KL/Putrajaya|42940|3.020418|101.253784|44000|3.562871|101.658865|inf
Selangor/KL/Putrajaya|42940|3.020418|101.253784|44200|3.496655|101.633051|inf
Selangor/KL/Putrajaya|42940|3.020418|101.253784|44300|3.4638771|101.65633089|inf
Selangor/KL/Putrajaya|42940|3.020418|101.253784|45000|3.342043|101.248981|inf
Selangor/KL/Putrajaya|42940|3.020418|101.253784|45100|3.842558|100.895663|inf
Selangor/KL/Putrajaya|42940|3.020418|101.253784|45200|3.769493|100.983632|inf
Selangor/KL/Putrajaya|42940|3.020418|101.253784|45300|3.676208|100.986402|inf
Selangor/KL/Putrajaya|42940|3.020418|101.253784|45400|3.508705|101.103137|inf
Selangor/KL/Putrajaya|42940|3.020418|101.253784|45500|3.426269|101.176976|inf
Selangor/KL/Putrajaya|42940|3.020418|101.253784|45600|3.379264|101.409819|inf
Selangor/KL/Putrajaya|42940|3.020418|101.253784|45700|3.309783|101.316481|inf
Selangor/KL/Putrajaya|42940|3.020418|101.253784|45800|3.26099|101.304808|inf
Selangor/KL/Putrajaya|42940|3.020418|101.253784|46000|3.086439|101.649091|inf
Selangor/KL/Putrajaya|42940|3.020418|101.253784|46150|3.072257555|101.62387631|inf
Selangor/KL/Putrajaya|42940|3.020418|101.253784|46300|3.110464412|101.6263315|inf
Selangor/KL/Putrajaya|42940|3.020418|101.253784|47000|3.209228|101.563796|inf
Selangor/KL/Putrajaya|42940|3.020418|101.253784|47100|3.00725|101.60488|inf
Selangor/KL/Putrajaya|42940|3.020418|101.253784|47200|3.05807611|101.59866162|inf
Selangor/KL/Putrajaya|42940|3.020418|101.253784|48000|3.320579|101.575825|inf
Selangor/KL/Putrajaya|42940|3.020418|101.253784|48100|3.318829|101.472824|inf
Selangor/KL/Putrajaya|42940|3.020418|101.253784|48200|3.36499321|101.60397874|inf
Selangor/KL/Putrajaya|42940|3.020418|101.253784|50000|3.143717|101.694244|inf
Selangor/KL/Putrajaya|42940|3.020418|101.253784|53100|3.26023787|101.7333987|inf
Selangor/KL/Putrajaya|42940|3.020418|101.253784|62000|2.93723|101.69482|inf
Selangor/KL/Putrajaya|42940|3.020418|101.253784|63000|2.858811|101.677911|inf
Selangor/KL/Putrajaya|42940|3.020418|101.253784|64000|2.75421|101.70507|inf
Selangor/KL/Putrajaya|42940|3.020418|101.253784|68000|3.14687|101.76269|inf
Selangor/KL/Putrajaya|42940|3.020418|101.253784|68100|3.236517|101.673419|inf
Selangor/KL/Putrajaya|42960|2.85004716|101.37569652|43000|2.99319|101.787|3002
Selangor/KL/Putrajaya|42960|2.85004716|101.37569652|43100|3.10037869|101.80299706|3866
Selangor/KL/Putrajaya|42960|2.85004716|101.37569652|43200|3.048914445|101.7688979|3235
Selangor/KL/Putrajaya|42960|2.85004716|101.37569652|43300|3.0221|101.70547|2878
Selangor/KL/Putrajaya|42960|2.85004716|101.37569652|43400|2.99259052499155|101.7048806187|2479
Selangor/KL/Putrajaya|42960|2.85004716|101.37569652|43500|2.947598|101.844711|3555
Selangor/KL/Putrajaya|42960|2.85004716|101.37569652|43600|2.94331538|101.76357543|3175
Selangor/KL/Putrajaya|42960|2.85004716|101.37569652|43700|2.86881012|101.86989746|4193
Selangor/KL/Putrajaya|42960|2.85004716|101.37569652|43900|2.690242|101.751039|4881
Selangor/KL/Putrajaya|42960|2.85004716|101.37569652|43950|2.643865|101.718497|4394
Selangor/KL/Putrajaya|42960|2.85004716|101.37569652|44000|3.562871|101.658865|6216
Selangor/KL/Putrajaya|42960|2.85004716|101.37569652|44200|3.496655|101.633051|5545
Selangor/KL/Putrajaya|42960|2.85004716|101.37569652|44300|3.4638771|101.65633089|5896
Selangor/KL/Putrajaya|42960|2.85004716|101.37569652|45000|3.342043|101.248981|5397
Selangor/KL/Putrajaya|42960|2.85004716|101.37569652|45100|3.842558|100.895663|9648
Selangor/KL/Putrajaya|42960|2.85004716|101.37569652|45200|3.769493|100.983632|8873
Selangor/KL/Putrajaya|42960|2.85004716|101.37569652|45300|3.676208|100.986402|8156
Selangor/KL/Putrajaya|42960|2.85004716|101.37569652|45400|3.508705|101.103137|7061
Selangor/KL/Putrajaya|42960|2.85004716|101.37569652|45500|3.426269|101.176976|6338
Selangor/KL/Putrajaya|42960|2.85004716|101.37569652|45600|3.379264|101.409819|4946
Selangor/KL/Putrajaya|42960|2.85004716|101.37569652|45700|3.309783|101.316481|4926
Selangor/KL/Putrajaya|42960|2.85004716|101.37569652|45800|3.26099|101.304808|4877
Selangor/KL/Putrajaya|42960|2.85004716|101.37569652|46000|3.086439|101.649091|3062
Selangor/KL/Putrajaya|42960|2.85004716|101.37569652|46150|3.072257555|101.62387631|3131
Selangor/KL/Putrajaya|42960|2.85004716|101.37569652|46300|3.110464412|101.6263315|3339
Selangor/KL/Putrajaya|42960|2.85004716|101.37569652|47000|3.209228|101.563796|3486
Selangor/KL/Putrajaya|42960|2.85004716|101.37569652|47100|3.00725|101.60488|2560
Selangor/KL/Putrajaya|42960|2.85004716|101.37569652|47200|3.05807611|101.59866162|2752
Selangor/KL/Putrajaya|42960|2.85004716|101.37569652|48000|3.320579|101.575825|4142
Selangor/KL/Putrajaya|42960|2.85004716|101.37569652|48100|3.318829|101.472824|4482
Selangor/KL/Putrajaya|42960|2.85004716|101.37569652|48200|3.36499321|101.60397874|4838
Selangor/KL/Putrajaya|42960|2.85004716|101.37569652|50000|3.143717|101.694244|3569
Selangor/KL/Putrajaya|42960|2.85004716|101.37569652|53100|3.26023787|101.7333987|4391
Selangor/KL/Putrajaya|42960|2.85004716|101.37569652|62000|2.93723|101.69482|2544
Selangor/KL/Putrajaya|42960|2.85004716|101.37569652|63000|2.858811|101.677911|2917
Selangor/KL/Putrajaya|42960|2.85004716|101.37569652|64000|2.75421|101.70507|3059
Selangor/KL/Putrajaya|42960|2.85004716|101.37569652|68000|3.14687|101.76269|3992
Selangor/KL/Putrajaya|42960|2.85004716|101.37569652|68100|3.236517|101.673419|4044
Selangor/KL/Putrajaya|43000|2.99319|101.787|43100|3.10037869|101.80299706|1452
Selangor/KL/Putrajaya|43000|2.99319|101.787|43200|3.048914445|101.7688979|821
Selangor/KL/Putrajaya|43000|2.99319|101.787|43300|3.0221|101.70547|1090
Selangor/KL/Putrajaya|43000|2.99319|101.787|43400|2.99259052499155|101.7048806187|900
Selangor/KL/Putrajaya|43000|2.99319|101.787|43500|2.947598|101.844711|1139
Selangor/KL/Putrajaya|43000|2.99319|101.787|43600|2.94331538|101.76357543|1036
Selangor/KL/Putrajaya|43000|2.99319|101.787|43700|2.86881012|101.86989746|1931
Selangor/KL/Putrajaya|43000|2.99319|101.787|43900|2.690242|101.751039|4239
Selangor/KL/Putrajaya|43000|2.99319|101.787|43950|2.643865|101.718497|4736
Selangor/KL/Putrajaya|43000|2.99319|101.787|44000|3.562871|101.658865|4923
Selangor/KL/Putrajaya|43000|2.99319|101.787|44200|3.496655|101.633051|4515
Selangor/KL/Putrajaya|43000|2.99319|101.787|44300|3.4638771|101.65633089|4413
Selangor/KL/Putrajaya|43000|2.99319|101.787|45000|3.342043|101.248981|4822
Selangor/KL/Putrajaya|43000|2.99319|101.787|45100|3.842558|100.895663|9073
Selangor/KL/Putrajaya|43000|2.99319|101.787|45200|3.769493|100.983632|8299
Selangor/KL/Putrajaya|43000|2.99319|101.787|45300|3.676208|100.986402|7581
Selangor/KL/Putrajaya|43000|2.99319|101.787|45400|3.508705|101.103137|6486
Selangor/KL/Putrajaya|43000|2.99319|101.787|45500|3.426269|101.176976|5763
Selangor/KL/Putrajaya|43000|2.99319|101.787|45600|3.379264|101.409819|4489
Selangor/KL/Putrajaya|43000|2.99319|101.787|45700|3.309783|101.316481|4351
Selangor/KL/Putrajaya|43000|2.99319|101.787|45800|3.26099|101.304808|4531
Selangor/KL/Putrajaya|43000|2.99319|101.787|46000|3.086439|101.649091|1906
Selangor/KL/Putrajaya|43000|2.99319|101.787|46150|3.072257555|101.62387631|2121
Selangor/KL/Putrajaya|43000|2.99319|101.787|46300|3.110464412|101.6263315|2013
Selangor/KL/Putrajaya|43000|2.99319|101.787|47000|3.209228|101.563796|2710
Selangor/KL/Putrajaya|43000|2.99319|101.787|47100|3.00725|101.60488|1485
Selangor/KL/Putrajaya|43000|2.99319|101.787|47200|3.05807611|101.59866162|1992
Selangor/KL/Putrajaya|43000|2.99319|101.787|48000|3.320579|101.575825|3320
Selangor/KL/Putrajaya|43000|2.99319|101.787|48100|3.318829|101.472824|3907
Selangor/KL/Putrajaya|43000|2.99319|101.787|48200|3.36499321|101.60397874|3355
Selangor/KL/Putrajaya|43000|2.99319|101.787|50000|3.143717|101.694244|1636
Selangor/KL/Putrajaya|43000|2.99319|101.787|53100|3.26023787|101.7333987|2584
Selangor/KL/Putrajaya|43000|2.99319|101.787|62000|2.93723|101.69482|990
Selangor/KL/Putrajaya|43000|2.99319|101.787|63000|2.858811|101.677911|1760
Selangor/KL/Putrajaya|43000|2.99319|101.787|64000|2.75421|101.70507|2471
Selangor/KL/Putrajaya|43000|2.99319|101.787|68000|3.14687|101.76269|1812
Selangor/KL/Putrajaya|43000|2.99319|101.787|68100|3.236517|101.673419|2520
Selangor/KL/Putrajaya|43100|3.10037869|101.80299706|43200|3.048914445|101.7688979|999
Selangor/KL/Putrajaya|43100|3.10037869|101.80299706|43300|3.0221|101.70547|1605
Selangor/KL/Putrajaya|43100|3.10037869|101.80299706|43400|2.99259052499155|101.7048806187|1799
Selangor/KL/Putrajaya|43100|3.10037869|101.80299706|43500|2.947598|101.844711|1929
Selangor/KL/Putrajaya|43100|3.10037869|101.80299706|43600|2.94331538|101.76357543|1949
Selangor/KL/Putrajaya|43100|3.10037869|101.80299706|43700|2.86881012|101.86989746|2723
Selangor/KL/Putrajaya|43100|3.10037869|101.80299706|43900|2.690242|101.751039|5139
Selangor/KL/Putrajaya|43100|3.10037869|101.80299706|43950|2.643865|101.718497|5635
Selangor/KL/Putrajaya|43100|3.10037869|101.80299706|44000|3.562871|101.658865|4914
Selangor/KL/Putrajaya|43100|3.10037869|101.80299706|44200|3.496655|101.633051|4505
Selangor/KL/Putrajaya|43100|3.10037869|101.80299706|44300|3.4638771|101.65633089|4404
Selangor/KL/Putrajaya|43100|3.10037869|101.80299706|45000|3.342043|101.248981|4812
Selangor/KL/Putrajaya|43100|3.10037869|101.80299706|45100|3.842558|100.895663|9064
Selangor/KL/Putrajaya|43100|3.10037869|101.80299706|45200|3.769493|100.983632|8289
Selangor/KL/Putrajaya|43100|3.10037869|101.80299706|45300|3.676208|100.986402|7571
Selangor/KL/Putrajaya|43100|3.10037869|101.80299706|45400|3.508705|101.103137|6477
Selangor/KL/Putrajaya|43100|3.10037869|101.80299706|45500|3.426269|101.176976|5753
Selangor/KL/Putrajaya|43100|3.10037869|101.80299706|45600|3.379264|101.409819|4480
Selangor/KL/Putrajaya|43100|3.10037869|101.80299706|45700|3.309783|101.316481|4341
Selangor/KL/Putrajaya|43100|3.10037869|101.80299706|45800|3.26099|101.304808|4521
Selangor/KL/Putrajaya|43100|3.10037869|101.80299706|46000|3.086439|101.649091|1896
Selangor/KL/Putrajaya|43100|3.10037869|101.80299706|46150|3.072257555|101.62387631|2289
Selangor/KL/Putrajaya|43100|3.10037869|101.80299706|46300|3.110464412|101.6263315|2004
Selangor/KL/Putrajaya|43100|3.10037869|101.80299706|47000|3.209228|101.563796|2700
Selangor/KL/Putrajaya|43100|3.10037869|101.80299706|47100|3.00725|101.60488|2302
Selangor/KL/Putrajaya|43100|3.10037869|101.80299706|47200|3.05807611|101.59866162|2160
Selangor/KL/Putrajaya|43100|3.10037869|101.80299706|48000|3.320579|101.575825|3310
Selangor/KL/Putrajaya|43100|3.10037869|101.80299706|48100|3.318829|101.472824|3897
Selangor/KL/Putrajaya|43100|3.10037869|101.80299706|48200|3.36499321|101.60397874|3345
Selangor/KL/Putrajaya|43100|3.10037869|101.80299706|50000|3.143717|101.694244|1626
Selangor/KL/Putrajaya|43100|3.10037869|101.80299706|53100|3.26023787|101.7333987|2574
Selangor/KL/Putrajaya|43100|3.10037869|101.80299706|62000|2.93723|101.69482|1889
Selangor/KL/Putrajaya|43100|3.10037869|101.80299706|63000|2.858811|101.677911|2659
Selangor/KL/Putrajaya|43100|3.10037869|101.80299706|64000|2.75421|101.70507|3370
Selangor/KL/Putrajaya|43100|3.10037869|101.80299706|68000|3.14687|101.76269|1458
Selangor/KL/Putrajaya|43100|3.10037869|101.80299706|68100|3.236517|101.673419|2510
Selangor/KL/Putrajaya|43200|3.048914445|101.7688979|43300|3.0221|101.70547|992
Selangor/KL/Putrajaya|43200|3.048914445|101.7688979|43400|2.99259052499155|101.7048806187|1293
Selangor/KL/Putrajaya|43200|3.048914445|101.7688979|43500|2.947598|101.844711|1338
Selangor/KL/Putrajaya|43200|3.048914445|101.7688979|43600|2.94331538|101.76357543|1443
Selangor/KL/Putrajaya|43200|3.048914445|101.7688979|43700|2.86881012|101.86989746|2133
Selangor/KL/Putrajaya|43200|3.048914445|101.7688979|43900|2.690242|101.751039|4632
Selangor/KL/Putrajaya|43200|3.048914445|101.7688979|43950|2.643865|101.718497|5129
Selangor/KL/Putrajaya|43200|3.048914445|101.7688979|44000|3.562871|101.658865|4549
Selangor/KL/Putrajaya|43200|3.048914445|101.7688979|44200|3.496655|101.633051|4140
Selangor/KL/Putrajaya|43200|3.048914445|101.7688979|44300|3.4638771|101.65633089|4039
Selangor/KL/Putrajaya|43200|3.048914445|101.7688979|45000|3.342043|101.248981|4448
Selangor/KL/Putrajaya|43200|3.048914445|101.7688979|45100|3.842558|100.895663|8699
Selangor/KL/Putrajaya|43200|3.048914445|101.7688979|45200|3.769493|100.983632|7924
Selangor/KL/Putrajaya|43200|3.048914445|101.7688979|45300|3.676208|100.986402|7207
Selangor/KL/Putrajaya|43200|3.048914445|101.7688979|45400|3.508705|101.103137|6112
Selangor/KL/Putrajaya|43200|3.048914445|101.7688979|45500|3.426269|101.176976|5389
Selangor/KL/Putrajaya|43200|3.048914445|101.7688979|45600|3.379264|101.409819|4115
Selangor/KL/Putrajaya|43200|3.048914445|101.7688979|45700|3.309783|101.316481|3977
Selangor/KL/Putrajaya|43200|3.048914445|101.7688979|45800|3.26099|101.304808|4157
Selangor/KL/Putrajaya|43200|3.048914445|101.7688979|46000|3.086439|101.649091|1532
Selangor/KL/Putrajaya|43200|3.048914445|101.7688979|46150|3.072257555|101.62387631|1924
Selangor/KL/Putrajaya|43200|3.048914445|101.7688979|46300|3.110464412|101.6263315|1639
Selangor/KL/Putrajaya|43200|3.048914445|101.7688979|47000|3.209228|101.563796|2336
Selangor/KL/Putrajaya|43200|3.048914445|101.7688979|47100|3.00725|101.60488|1878
Selangor/KL/Putrajaya|43200|3.048914445|101.7688979|47200|3.05807611|101.59866162|1796
Selangor/KL/Putrajaya|43200|3.048914445|101.7688979|48000|3.320579|101.575825|2945
Selangor/KL/Putrajaya|43200|3.048914445|101.7688979|48100|3.318829|101.472824|3533
Selangor/KL/Putrajaya|43200|3.048914445|101.7688979|48200|3.36499321|101.60397874|2981
Selangor/KL/Putrajaya|43200|3.048914445|101.7688979|50000|3.143717|101.694244|1262
Selangor/KL/Putrajaya|43200|3.048914445|101.7688979|53100|3.26023787|101.7333987|2210
Selangor/KL/Putrajaya|43200|3.048914445|101.7688979|62000|2.93723|101.69482|1383
Selangor/KL/Putrajaya|43200|3.048914445|101.7688979|63000|2.858811|101.677911|2153
Selangor/KL/Putrajaya|43200|3.048914445|101.7688979|64000|2.75421|101.70507|2864
Selangor/KL/Putrajaya|43200|3.048914445|101.7688979|68000|3.14687|101.76269|1438
Selangor/KL/Putrajaya|43200|3.048914445|101.7688979|68100|3.236517|101.673419|2145
Selangor/KL/Putrajaya|43300|3.0221|101.70547|43400|2.99259052499155|101.7048806187|754
Selangor/KL/Putrajaya|43300|3.0221|101.70547|43500|2.947598|101.844711|1581
Selangor/KL/Putrajaya|43300|3.0221|101.70547|43600|2.94331538|101.76357543|1193
Selangor/KL/Putrajaya|43300|3.0221|101.70547|43700|2.86881012|101.86989746|2376
Selangor/KL/Putrajaya|43300|3.0221|101.70547|43900|2.690242|101.751039|4133
Selangor/KL/Putrajaya|43300|3.0221|101.70547|43950|2.643865|101.718497|4629
Selangor/KL/Putrajaya|43300|3.0221|101.70547|44000|3.562871|101.658865|4511
Selangor/KL/Putrajaya|43300|3.0221|101.70547|44200|3.496655|101.633051|4102
Selangor/KL/Putrajaya|43300|3.0221|101.70547|44300|3.4638771|101.65633089|4001
Selangor/KL/Putrajaya|43300|3.0221|101.70547|45000|3.342043|101.248981|4254
Selangor/KL/Putrajaya|43300|3.0221|101.70547|45100|3.842558|100.895663|8505
Selangor/KL/Putrajaya|43300|3.0221|101.70547|45200|3.769493|100.983632|7730
Selangor/KL/Putrajaya|43300|3.0221|101.70547|45300|3.676208|100.986402|7012
Selangor/KL/Putrajaya|43300|3.0221|101.70547|45400|3.508705|101.103137|5918
Selangor/KL/Putrajaya|43300|3.0221|101.70547|45500|3.426269|101.176976|5195
Selangor/KL/Putrajaya|43300|3.0221|101.70547|45600|3.379264|101.409819|3921
Selangor/KL/Putrajaya|43300|3.0221|101.70547|45700|3.309783|101.316481|3782
Selangor/KL/Putrajaya|43300|3.0221|101.70547|45800|3.26099|101.304808|3963
Selangor/KL/Putrajaya|43300|3.0221|101.70547|46000|3.086439|101.649091|1221
Selangor/KL/Putrajaya|43300|3.0221|101.70547|46150|3.072257555|101.62387631|1463
Selangor/KL/Putrajaya|43300|3.0221|101.70547|46300|3.110464412|101.6263315|1491
Selangor/KL/Putrajaya|43300|3.0221|101.70547|47000|3.209228|101.563796|2226
Selangor/KL/Putrajaya|43300|3.0221|101.70547|47100|3.00725|101.60488|1439
Selangor/KL/Putrajaya|43300|3.0221|101.70547|47200|3.05807611|101.59866162|1320
Selangor/KL/Putrajaya|43300|3.0221|101.70547|48000|3.320579|101.575825|2907
Selangor/KL/Putrajaya|43300|3.0221|101.70547|48100|3.318829|101.472824|3338
Selangor/KL/Putrajaya|43300|3.0221|101.70547|48200|3.36499321|101.60397874|2942
Selangor/KL/Putrajaya|43300|3.0221|101.70547|50000|3.143717|101.694244|1112
Selangor/KL/Putrajaya|43300|3.0221|101.70547|53100|3.26023787|101.7333987|2238
Selangor/KL/Putrajaya|43300|3.0221|101.70547|62000|2.93723|101.69482|988
Selangor/KL/Putrajaya|43300|3.0221|101.70547|63000|2.858811|101.677911|1759
Selangor/KL/Putrajaya|43300|3.0221|101.70547|64000|2.75421|101.70507|2469
Selangor/KL/Putrajaya|43300|3.0221|101.70547|68000|3.14687|101.76269|1451
Selangor/KL/Putrajaya|43300|3.0221|101.70547|68100|3.236517|101.673419|2107
Selangor/KL/Putrajaya|43400|2.99259052499155|101.7048806187|43500|2.947598|101.844711|1585
Selangor/KL/Putrajaya|43400|2.99259052499155|101.7048806187|43600|2.94331538|101.76357543|1205
Selangor/KL/Putrajaya|43400|2.99259052499155|101.7048806187|43700|2.86881012|101.86989746|2377
Selangor/KL/Putrajaya|43400|2.99259052499155|101.7048806187|43900|2.690242|101.751039|4214
Selangor/KL/Putrajaya|43400|2.99259052499155|101.7048806187|43950|2.643865|101.718497|4710
Selangor/KL/Putrajaya|43400|2.99259052499155|101.7048806187|44000|3.562871|101.658865|5069
Selangor/KL/Putrajaya|43400|2.99259052499155|101.7048806187|44200|3.496655|101.633051|4660
Selangor/KL/Putrajaya|43400|2.99259052499155|101.7048806187|44300|3.4638771|101.65633089|4559
Selangor/KL/Putrajaya|43400|2.99259052499155|101.7048806187|45000|3.342043|101.248981|4825
Selangor/KL/Putrajaya|43400|2.99259052499155|101.7048806187|45100|3.842558|100.895663|9077
Selangor/KL/Putrajaya|43400|2.99259052499155|101.7048806187|45200|3.769493|100.983632|8302
Selangor/KL/Putrajaya|43400|2.99259052499155|101.7048806187|45300|3.676208|100.986402|7584
Selangor/KL/Putrajaya|43400|2.99259052499155|101.7048806187|45400|3.508705|101.103137|6490
Selangor/KL/Putrajaya|43400|2.99259052499155|101.7048806187|45500|3.426269|101.176976|5767
Selangor/KL/Putrajaya|43400|2.99259052499155|101.7048806187|45600|3.379264|101.409819|4374
Selangor/KL/Putrajaya|43400|2.99259052499155|101.7048806187|45700|3.309783|101.316481|4354
Selangor/KL/Putrajaya|43400|2.99259052499155|101.7048806187|45800|3.26099|101.304808|4305
Selangor/KL/Putrajaya|43400|2.99259052499155|101.7048806187|46000|3.086439|101.649091|1784
Selangor/KL/Putrajaya|43400|2.99259052499155|101.7048806187|46150|3.072257555|101.62387631|1860
Selangor/KL/Putrajaya|43400|2.99259052499155|101.7048806187|46300|3.110464412|101.6263315|2049
Selangor/KL/Putrajaya|43400|2.99259052499155|101.7048806187|47000|3.209228|101.563796|2784
Selangor/KL/Putrajaya|43400|2.99259052499155|101.7048806187|47100|3.00725|101.60488|1118
Selangor/KL/Putrajaya|43400|2.99259052499155|101.7048806187|47200|3.05807611|101.59866162|1755
Selangor/KL/Putrajaya|43400|2.99259052499155|101.7048806187|48000|3.320579|101.575825|3465
Selangor/KL/Putrajaya|43400|2.99259052499155|101.7048806187|48100|3.318829|101.472824|3910
Selangor/KL/Putrajaya|43400|2.99259052499155|101.7048806187|48200|3.36499321|101.60397874|3501
Selangor/KL/Putrajaya|43400|2.99259052499155|101.7048806187|50000|3.143717|101.694244|1670
Selangor/KL/Putrajaya|43400|2.99259052499155|101.7048806187|53100|3.26023787|101.7333987|2800
Selangor/KL/Putrajaya|43400|2.99259052499155|101.7048806187|62000|2.93723|101.69482|719
Selangor/KL/Putrajaya|43400|2.99259052499155|101.7048806187|63000|2.858811|101.677911|1425
Selangor/KL/Putrajaya|43400|2.99259052499155|101.7048806187|64000|2.75421|101.70507|2135
Selangor/KL/Putrajaya|43400|2.99259052499155|101.7048806187|68000|3.14687|101.76269|2013
Selangor/KL/Putrajaya|43400|2.99259052499155|101.7048806187|68100|3.236517|101.673419|2665
Selangor/KL/Putrajaya|43500|2.947598|101.844711|43600|2.94331538|101.76357543|1575
Selangor/KL/Putrajaya|43500|2.947598|101.844711|43700|2.86881012|101.86989746|1084
Selangor/KL/Putrajaya|43500|2.947598|101.844711|43900|2.690242|101.751039|4198
Selangor/KL/Putrajaya|43500|2.947598|101.844711|43950|2.643865|101.718497|4694
Selangor/KL/Putrajaya|43500|2.947598|101.844711|44000|3.562871|101.658865|5498
Selangor/KL/Putrajaya|43500|2.947598|101.844711|44200|3.496655|101.633051|5089
Selangor/KL/Putrajaya|43500|2.947598|101.844711|44300|3.4638771|101.65633089|4988
Selangor/KL/Putrajaya|43500|2.947598|101.844711|45000|3.342043|101.248981|5396
Selangor/KL/Putrajaya|43500|2.947598|101.844711|45100|3.842558|100.895663|9648
Selangor/KL/Putrajaya|43500|2.947598|101.844711|45200|3.769493|100.983632|8873
Selangor/KL/Putrajaya|43500|2.947598|101.844711|45300|3.676208|100.986402|8155
Selangor/KL/Putrajaya|43500|2.947598|101.844711|45400|3.508705|101.103137|7061
Selangor/KL/Putrajaya|43500|2.947598|101.844711|45500|3.426269|101.176976|6338
Selangor/KL/Putrajaya|43500|2.947598|101.844711|45600|3.379264|101.409819|5064
Selangor/KL/Putrajaya|43500|2.947598|101.844711|45700|3.309783|101.316481|4925
Selangor/KL/Putrajaya|43500|2.947598|101.844711|45800|3.26099|101.304808|5106
Selangor/KL/Putrajaya|43500|2.947598|101.844711|46000|3.086439|101.649091|2481
Selangor/KL/Putrajaya|43500|2.947598|101.844711|46150|3.072257555|101.62387631|2752
Selangor/KL/Putrajaya|43500|2.947598|101.844711|46300|3.110464412|101.6263315|2588
Selangor/KL/Putrajaya|43500|2.947598|101.844711|47000|3.209228|101.563796|3284
Selangor/KL/Putrajaya|43500|2.947598|101.844711|47100|3.00725|101.60488|2116
Selangor/KL/Putrajaya|43500|2.947598|101.844711|47200|3.05807611|101.59866162|2624
Selangor/KL/Putrajaya|43500|2.947598|101.844711|48000|3.320579|101.575825|3894
Selangor/KL/Putrajaya|43500|2.947598|101.844711|48100|3.318829|101.472824|4481
Selangor/KL/Putrajaya|43500|2.947598|101.844711|48200|3.36499321|101.60397874|3929
Selangor/KL/Putrajaya|43500|2.947598|101.844711|50000|3.143717|101.694244|2210
Selangor/KL/Putrajaya|43500|2.947598|101.844711|53100|3.26023787|101.7333987|3158
Selangor/KL/Putrajaya|43500|2.947598|101.844711|62000|2.93723|101.69482|1622
Selangor/KL/Putrajaya|43500|2.947598|101.844711|63000|2.858811|101.677911|2127
Selangor/KL/Putrajaya|43500|2.947598|101.844711|64000|2.75421|101.70507|2538
Selangor/KL/Putrajaya|43500|2.947598|101.844711|68000|3.14687|101.76269|2386
Selangor/KL/Putrajaya|43500|2.947598|101.844711|68100|3.236517|101.673419|3094
Selangor/KL/Putrajaya|43600|2.94331538|101.76357543|43700|2.86881012|101.86989746|2192
Selangor/KL/Putrajaya|43600|2.94331538|101.76357543|43900|2.690242|101.751039|3834
Selangor/KL/Putrajaya|43600|2.94331538|101.76357543|43950|2.643865|101.718497|4330
Selangor/KL/Putrajaya|43600|2.94331538|101.76357543|44000|3.562871|101.658865|5268
Selangor/KL/Putrajaya|43600|2.94331538|101.76357543|44200|3.496655|101.633051|4859
Selangor/KL/Putrajaya|43600|2.94331538|101.76357543|44300|3.4638771|101.65633089|4758
Selangor/KL/Putrajaya|43600|2.94331538|101.76357543|45000|3.342043|101.248981|5011
Selangor/KL/Putrajaya|43600|2.94331538|101.76357543|45100|3.842558|100.895663|9262
Selangor/KL/Putrajaya|43600|2.94331538|101.76357543|45200|3.769493|100.983632|8487
Selangor/KL/Putrajaya|43600|2.94331538|101.76357543|45300|3.676208|100.986402|7769
Selangor/KL/Putrajaya|43600|2.94331538|101.76357543|45400|3.508705|101.103137|6675
Selangor/KL/Putrajaya|43600|2.94331538|101.76357543|45500|3.426269|101.176976|5952
Selangor/KL/Putrajaya|43600|2.94331538|101.76357543|45600|3.379264|101.409819|4678
Selangor/KL/Putrajaya|43600|2.94331538|101.76357543|45700|3.309783|101.316481|4540
Selangor/KL/Putrajaya|43600|2.94331538|101.76357543|45800|3.26099|101.304808|4720
Selangor/KL/Putrajaya|43600|2.94331538|101.76357543|46000|3.086439|101.649091|1989
Selangor/KL/Putrajaya|43600|2.94331538|101.76357543|46150|3.072257555|101.62387631|2206
Selangor/KL/Putrajaya|43600|2.94331538|101.76357543|46300|3.110464412|101.6263315|2248
Selangor/KL/Putrajaya|43600|2.94331538|101.76357543|47000|3.209228|101.563796|2983
Selangor/KL/Putrajaya|43600|2.94331538|101.76357543|47100|3.00725|101.60488|1781
Selangor/KL/Putrajaya|43600|2.94331538|101.76357543|47200|3.05807611|101.59866162|2077
Selangor/KL/Putrajaya|43600|2.94331538|101.76357543|48000|3.320579|101.575825|3664
Selangor/KL/Putrajaya|43600|2.94331538|101.76357543|48100|3.318829|101.472824|4095
Selangor/KL/Putrajaya|43600|2.94331538|101.76357543|48200|3.36499321|101.60397874|3699
Selangor/KL/Putrajaya|43600|2.94331538|101.76357543|50000|3.143717|101.694244|1869
Selangor/KL/Putrajaya|43600|2.94331538|101.76357543|53100|3.26023787|101.7333987|3095
Selangor/KL/Putrajaya|43600|2.94331538|101.76357543|62000|2.93723|101.69482|1287
Selangor/KL/Putrajaya|43600|2.94331538|101.76357543|63000|2.858811|101.677911|1698
Selangor/KL/Putrajaya|43600|2.94331538|101.76357543|64000|2.75421|101.70507|2173
Selangor/KL/Putrajaya|43600|2.94331538|101.76357543|68000|3.14687|101.76269|2281
Selangor/KL/Putrajaya|43600|2.94331538|101.76357543|68100|3.236517|101.673419|2864
Selangor/KL/Putrajaya|43700|2.86881012|101.86989746|43900|2.690242|101.751039|3968
Selangor/KL/Putrajaya|43700|2.86881012|101.86989746|43950|2.643865|101.718497|4464
Selangor/KL/Putrajaya|43700|2.86881012|101.86989746|44000|3.562871|101.658865|6335
Selangor/KL/Putrajaya|43700|2.86881012|101.86989746|44200|3.496655|101.633051|5927
Selangor/KL/Putrajaya|43700|2.86881012|101.86989746|44300|3.4638771|101.65633089|5825
Selangor/KL/Putrajaya|43700|2.86881012|101.86989746|45000|3.342043|101.248981|6162
Selangor/KL/Putrajaya|43700|2.86881012|101.86989746|45100|3.842558|100.895663|10413
Selangor/KL/Putrajaya|43700|2.86881012|101.86989746|45200|3.769493|100.983632|9638
Selangor/KL/Putrajaya|43700|2.86881012|101.86989746|45300|3.676208|100.986402|8921
Selangor/KL/Putrajaya|43700|2.86881012|101.86989746|45400|3.508705|101.103137|7826
Selangor/KL/Putrajaya|43700|2.86881012|101.86989746|45500|3.426269|101.176976|7103
Selangor/KL/Putrajaya|43700|2.86881012|101.86989746|45600|3.379264|101.409819|5711
Selangor/KL/Putrajaya|43700|2.86881012|101.86989746|45700|3.309783|101.316481|5691
Selangor/KL/Putrajaya|43700|2.86881012|101.86989746|45800|3.26099|101.304808|5642
Selangor/KL/Putrajaya|43700|2.86881012|101.86989746|46000|3.086439|101.649091|3219
Selangor/KL/Putrajaya|43700|2.86881012|101.86989746|46150|3.072257555|101.62387631|3435
Selangor/KL/Putrajaya|43700|2.86881012|101.86989746|46300|3.110464412|101.6263315|3425
Selangor/KL/Putrajaya|43700|2.86881012|101.86989746|47000|3.209228|101.563796|4122
Selangor/KL/Putrajaya|43700|2.86881012|101.86989746|47100|3.00725|101.60488|3000
Selangor/KL/Putrajaya|43700|2.86881012|101.86989746|47200|3.05807611|101.59866162|3307
Selangor/KL/Putrajaya|43700|2.86881012|101.86989746|48000|3.320579|101.575825|4731
Selangor/KL/Putrajaya|43700|2.86881012|101.86989746|48100|3.318829|101.472824|5247
Selangor/KL/Putrajaya|43700|2.86881012|101.86989746|48200|3.36499321|101.60397874|4767
Selangor/KL/Putrajaya|43700|2.86881012|101.86989746|50000|3.143717|101.694244|3048
Selangor/KL/Putrajaya|43700|2.86881012|101.86989746|53100|3.26023787|101.7333987|3996
Selangor/KL/Putrajaya|43700|2.86881012|101.86989746|62000|2.93723|101.69482|2505
Selangor/KL/Putrajaya|43700|2.86881012|101.86989746|63000|2.858811|101.677911|2216
Selangor/KL/Putrajaya|43700|2.86881012|101.86989746|64000|2.75421|101.70507|2622
Selangor/KL/Putrajaya|43700|2.86881012|101.86989746|68000|3.14687|101.76269|3224
Selangor/KL/Putrajaya|43700|2.86881012|101.86989746|68100|3.236517|101.673419|3931
Selangor/KL/Putrajaya|43900|2.690242|101.751039|43950|2.643865|101.718497|496
Selangor/KL/Putrajaya|43900|2.690242|101.751039|44000|3.562871|101.658865|6641
Selangor/KL/Putrajaya|43900|2.690242|101.751039|44200|3.496655|101.633051|5970
Selangor/KL/Putrajaya|43900|2.690242|101.751039|44300|3.4638771|101.65633089|6321
Selangor/KL/Putrajaya|43900|2.690242|101.751039|45000|3.342043|101.248981|5822
Selangor/KL/Putrajaya|43900|2.690242|101.751039|45100|3.842558|100.895663|10073
Selangor/KL/Putrajaya|43900|2.690242|101.751039|45200|3.769493|100.983632|9298
Selangor/KL/Putrajaya|43900|2.690242|101.751039|45300|3.676208|100.986402|8580
Selangor/KL/Putrajaya|43900|2.690242|101.751039|45400|3.508705|101.103137|7486
Selangor/KL/Putrajaya|43900|2.690242|101.751039|45500|3.426269|101.176976|6763
Selangor/KL/Putrajaya|43900|2.690242|101.751039|45600|3.379264|101.409819|5371
Selangor/KL/Putrajaya|43900|2.690242|101.751039|45700|3.309783|101.316481|5350
Selangor/KL/Putrajaya|43900|2.690242|101.751039|45800|3.26099|101.304808|5301
Selangor/KL/Putrajaya|43900|2.690242|101.751039|46000|3.086439|101.649091|3487
Selangor/KL/Putrajaya|43900|2.690242|101.751039|46150|3.072257555|101.62387631|3555
Selangor/KL/Putrajaya|43900|2.690242|101.751039|46300|3.110464412|101.6263315|3763
Selangor/KL/Putrajaya|43900|2.690242|101.751039|47000|3.209228|101.563796|3911
Selangor/KL/Putrajaya|43900|2.690242|101.751039|47100|3.00725|101.60488|2885
Selangor/KL/Putrajaya|43900|2.690242|101.751039|47200|3.05807611|101.59866162|3177
Selangor/KL/Putrajaya|43900|2.690242|101.751039|48000|3.320579|101.575825|4567
Selangor/KL/Putrajaya|43900|2.690242|101.751039|48100|3.318829|101.472824|4906
Selangor/KL/Putrajaya|43900|2.690242|101.751039|48200|3.36499321|101.60397874|5263
Selangor/KL/Putrajaya|43900|2.690242|101.751039|50000|3.143717|101.694244|3473
Selangor/KL/Putrajaya|43900|2.690242|101.751039|53100|3.26023787|101.7333987|4866
Selangor/KL/Putrajaya|43900|2.690242|101.751039|62000|2.93723|101.69482|2684
Selangor/KL/Putrajaya|43900|2.690242|101.751039|63000|2.858811|101.677911|1875
Selangor/KL/Putrajaya|43900|2.690242|101.751039|64000|2.75421|101.70507|1516
Selangor/KL/Putrajaya|43900|2.690242|101.751039|68000|3.14687|101.76269|3914
Selangor/KL/Putrajaya|43900|2.690242|101.751039|68100|3.236517|101.673419|4469
Selangor/KL/Putrajaya|43950|2.643865|101.718497|44000|3.562871|101.658865|7127
Selangor/KL/Putrajaya|43950|2.643865|101.718497|44200|3.496655|101.633051|6456
Selangor/KL/Putrajaya|43950|2.643865|101.718497|44300|3.4638771|101.65633089|6808
Selangor/KL/Putrajaya|43950|2.643865|101.718497|45000|3.342043|101.248981|6308
Selangor/KL/Putrajaya|43950|2.643865|101.718497|45100|3.842558|100.895663|10560
Selangor/KL/Putrajaya|43950|2.643865|101.718497|45200|3.769493|100.983632|9785
Selangor/KL/Putrajaya|43950|2.643865|101.718497|45300|3.676208|100.986402|9067
Selangor/KL/Putrajaya|43950|2.643865|101.718497|45400|3.508705|101.103137|7972
Selangor/KL/Putrajaya|43950|2.643865|101.718497|45500|3.426269|101.176976|7249
Selangor/KL/Putrajaya|43950|2.643865|101.718497|45600|3.379264|101.409819|5857
Selangor/KL/Putrajaya|43950|2.643865|101.718497|45700|3.309783|101.316481|5837
Selangor/KL/Putrajaya|43950|2.643865|101.718497|45800|3.26099|101.304808|5788
Selangor/KL/Putrajaya|43950|2.643865|101.718497|46000|3.086439|101.649091|3974
Selangor/KL/Putrajaya|43950|2.643865|101.718497|46150|3.072257555|101.62387631|4042
Selangor/KL/Putrajaya|43950|2.643865|101.718497|46300|3.110464412|101.6263315|4250
Selangor/KL/Putrajaya|43950|2.643865|101.718497|47000|3.209228|101.563796|4397
Selangor/KL/Putrajaya|43950|2.643865|101.718497|47100|3.00725|101.60488|3372
Selangor/KL/Putrajaya|43950|2.643865|101.718497|47200|3.05807611|101.59866162|3664
Selangor/KL/Putrajaya|43950|2.643865|101.718497|48000|3.320579|101.575825|5053
Selangor/KL/Putrajaya|43950|2.643865|101.718497|48100|3.318829|101.472824|5393
Selangor/KL/Putrajaya|43950|2.643865|101.718497|48200|3.36499321|101.60397874|5749
Selangor/KL/Putrajaya|43950|2.643865|101.718497|50000|3.143717|101.694244|3960
Selangor/KL/Putrajaya|43950|2.643865|101.718497|53100|3.26023787|101.7333987|5352
Selangor/KL/Putrajaya|43950|2.643865|101.718497|62000|2.93723|101.69482|3171
Selangor/KL/Putrajaya|43950|2.643865|101.718497|63000|2.858811|101.677911|2362
Selangor/KL/Putrajaya|43950|2.643865|101.718497|64000|2.75421|101.70507|2002
Selangor/KL/Putrajaya|43950|2.643865|101.718497|68000|3.14687|101.76269|4400
Selangor/KL/Putrajaya|43950|2.643865|101.718497|68100|3.236517|101.673419|4956
Selangor/KL/Putrajaya|44000|3.562871|101.658865|44200|3.496655|101.633051|816
Selangor/KL/Putrajaya|44000|3.562871|101.658865|44300|3.4638771|101.65633089|1237
Selangor/KL/Putrajaya|44000|3.562871|101.658865|45000|3.342043|101.248981|4705
Selangor/KL/Putrajaya|44000|3.562871|101.658865|45100|3.842558|100.895663|7072
Selangor/KL/Putrajaya|44000|3.562871|101.658865|45200|3.769493|100.983632|5901
Selangor/KL/Putrajaya|44000|3.562871|101.658865|45300|3.676208|100.986402|5888
Selangor/KL/Putrajaya|44000|3.562871|101.658865|45400|3.508705|101.103137|5699
Selangor/KL/Putrajaya|44000|3.562871|101.658865|45500|3.426269|101.176976|4902
Selangor/KL/Putrajaya|44000|3.562871|101.658865|45600|3.379264|101.409819|3516
Selangor/KL/Putrajaya|44000|3.562871|101.658865|45700|3.309783|101.316481|4234
Selangor/KL/Putrajaya|44000|3.562871|101.658865|45800|3.26099|101.304808|4414
Selangor/KL/Putrajaya|44000|3.562871|101.658865|46000|3.086439|101.649091|4038
Selangor/KL/Putrajaya|44000|3.562871|101.658865|46150|3.072257555|101.62387631|4639
Selangor/KL/Putrajaya|44000|3.562871|101.658865|46300|3.110464412|101.6263315|4077
Selangor/KL/Putrajaya|44000|3.562871|101.658865|47000|3.209228|101.563796|3480
Selangor/KL/Putrajaya|44000|3.562871|101.658865|47100|3.00725|101.60488|4652
Selangor/KL/Putrajaya|44000|3.562871|101.658865|47200|3.05807611|101.59866162|4130
Selangor/KL/Putrajaya|44000|3.562871|101.658865|48000|3.320579|101.575825|2393
Selangor/KL/Putrajaya|44000|3.562871|101.658865|48100|3.318829|101.472824|3808
Selangor/KL/Putrajaya|44000|3.562871|101.658865|48200|3.36499321|101.60397874|1689
Selangor/KL/Putrajaya|44000|3.562871|101.658865|50000|3.143717|101.694244|3553
Selangor/KL/Putrajaya|44000|3.562871|101.658865|53100|3.26023787|101.7333987|3546
Selangor/KL/Putrajaya|44000|3.562871|101.658865|62000|2.93723|101.69482|5079
Selangor/KL/Putrajaya|44000|3.562871|101.658865|63000|2.858811|101.677911|5429
Selangor/KL/Putrajaya|44000|3.562871|101.658865|64000|2.75421|101.70507|5746
Selangor/KL/Putrajaya|44000|3.562871|101.658865|68000|3.14687|101.76269|4227
Selangor/KL/Putrajaya|44000|3.562871|101.658865|68100|3.236517|101.673419|2925
Selangor/KL/Putrajaya|44200|3.496655|101.633051|44300|3.4638771|101.65633089|700
Selangor/KL/Putrajaya|44200|3.496655|101.633051|45000|3.342043|101.248981|4169
Selangor/KL/Putrajaya|44200|3.496655|101.633051|45100|3.842558|100.895663|7330
Selangor/KL/Putrajaya|44200|3.496655|101.633051|45200|3.769493|100.983632|6159
Selangor/KL/Putrajaya|44200|3.496655|101.633051|45300|3.676208|100.986402|6146
Selangor/KL/Putrajaya|44200|3.496655|101.633051|45400|3.508705|101.103137|5700
Selangor/KL/Putrajaya|44200|3.496655|101.633051|45500|3.426269|101.176976|4903
Selangor/KL/Putrajaya|44200|3.496655|101.633051|45600|3.379264|101.409819|3518
Selangor/KL/Putrajaya|44200|3.496655|101.633051|45700|3.309783|101.316481|3698
Selangor/KL/Putrajaya|44200|3.496655|101.633051|45800|3.26099|101.304808|3878
Selangor/KL/Putrajaya|44200|3.496655|101.633051|46000|3.086439|101.649091|3502
Selangor/KL/Putrajaya|44200|3.496655|101.633051|46150|3.072257555|101.62387631|4171
Selangor/KL/Putrajaya|44200|3.496655|101.633051|46300|3.110464412|101.6263315|3541
Selangor/KL/Putrajaya|44200|3.496655|101.633051|47000|3.209228|101.563796|3006
Selangor/KL/Putrajaya|44200|3.496655|101.633051|47100|3.00725|101.60488|4145
Selangor/KL/Putrajaya|44200|3.496655|101.633051|47200|3.05807611|101.59866162|3656
Selangor/KL/Putrajaya|44200|3.496655|101.633051|48000|3.320579|101.575825|1857
Selangor/KL/Putrajaya|44200|3.496655|101.633051|48100|3.318829|101.472824|3272
Selangor/KL/Putrajaya|44200|3.496655|101.633051|48200|3.36499321|101.60397874|1153
Selangor/KL/Putrajaya|44200|3.496655|101.633051|50000|3.143717|101.694244|3017
Selangor/KL/Putrajaya|44200|3.496655|101.633051|53100|3.26023787|101.7333987|3010
Selangor/KL/Putrajaya|44200|3.496655|101.633051|62000|2.93723|101.69482|4543
Selangor/KL/Putrajaya|44200|3.496655|101.633051|63000|2.858811|101.677911|4893
Selangor/KL/Putrajaya|44200|3.496655|101.633051|64000|2.75421|101.70507|5273
Selangor/KL/Putrajaya|44200|3.496655|101.633051|68000|3.14687|101.76269|3691
Selangor/KL/Putrajaya|44200|3.496655|101.633051|68100|3.236517|101.673419|2388
Selangor/KL/Putrajaya|44300|3.4638771|101.65633089|45000|3.342043|101.248981|4125
Selangor/KL/Putrajaya|44300|3.4638771|101.65633089|45100|3.842558|100.895663|7746
Selangor/KL/Putrajaya|44300|3.4638771|101.65633089|45200|3.769493|100.983632|6574
Selangor/KL/Putrajaya|44300|3.4638771|101.65633089|45300|3.676208|100.986402|6561
Selangor/KL/Putrajaya|44300|3.4638771|101.65633089|45400|3.508705|101.103137|5789
Selangor/KL/Putrajaya|44300|3.4638771|101.65633089|45500|3.426269|101.176976|5066
Selangor/KL/Putrajaya|44300|3.4638771|101.65633089|45600|3.379264|101.409819|3792
Selangor/KL/Putrajaya|44300|3.4638771|101.65633089|45700|3.309783|101.316481|3654
Selangor/KL/Putrajaya|44300|3.4638771|101.65633089|45800|3.26099|101.304808|3834
Selangor/KL/Putrajaya|44300|3.4638771|101.65633089|46000|3.086439|101.649091|3458
Selangor/KL/Putrajaya|44300|3.4638771|101.65633089|46150|3.072257555|101.62387631|4127
Selangor/KL/Putrajaya|44300|3.4638771|101.65633089|46300|3.110464412|101.6263315|3497
Selangor/KL/Putrajaya|44300|3.4638771|101.65633089|47000|3.209228|101.563796|3051
Selangor/KL/Putrajaya|44300|3.4638771|101.65633089|47100|3.00725|101.60488|4101
Selangor/KL/Putrajaya|44300|3.4638771|101.65633089|47200|3.05807611|101.59866162|3700
Selangor/KL/Putrajaya|44300|3.4638771|101.65633089|48000|3.320579|101.575825|1813
Selangor/KL/Putrajaya|44300|3.4638771|101.65633089|48100|3.318829|101.472824|3228
Selangor/KL/Putrajaya|44300|3.4638771|101.65633089|48200|3.36499321|101.60397874|1109
Selangor/KL/Putrajaya|44300|3.4638771|101.65633089|50000|3.143717|101.694244|2973
Selangor/KL/Putrajaya|44300|3.4638771|101.65633089|53100|3.26023787|101.7333987|2966
Selangor/KL/Putrajaya|44300|3.4638771|101.65633089|62000|2.93723|101.69482|4499
Selangor/KL/Putrajaya|44300|3.4638771|101.65633089|63000|2.858811|101.677911|4849
Selangor/KL/Putrajaya|44300|3.4638771|101.65633089|64000|2.75421|101.70507|5317
Selangor/KL/Putrajaya|44300|3.4638771|101.65633089|68000|3.14687|101.76269|3647
Selangor/KL/Putrajaya|44300|3.4638771|101.65633089|68100|3.236517|101.673419|2407
Selangor/KL/Putrajaya|45000|3.342043|101.248981|45100|3.842558|100.895663|4433
Selangor/KL/Putrajaya|45000|3.342043|101.248981|45200|3.769493|100.983632|3658
Selangor/KL/Putrajaya|45000|3.342043|101.248981|45300|3.676208|100.986402|2941
Selangor/KL/Putrajaya|45000|3.342043|101.248981|45400|3.508705|101.103137|1846
Selangor/KL/Putrajaya|45000|3.342043|101.248981|45500|3.426269|101.176976|1123
Selangor/KL/Putrajaya|45000|3.342043|101.248981|45600|3.379264|101.409819|1478
Selangor/KL/Putrajaya|45000|3.342043|101.248981|45700|3.309783|101.316481|857
Selangor/KL/Putrajaya|45000|3.342043|101.248981|45800|3.26099|101.304808|914
Selangor/KL/Putrajaya|45000|3.342043|101.248981|46000|3.086439|101.649091|3824
Selangor/KL/Putrajaya|45000|3.342043|101.248981|46150|3.072257555|101.62387631|4132
Selangor/KL/Putrajaya|45000|3.342043|101.248981|46300|3.110464412|101.6263315|3735
Selangor/KL/Putrajaya|45000|3.342043|101.248981|47000|3.209228|101.563796|3022
Selangor/KL/Putrajaya|45000|3.342043|101.248981|47100|3.00725|101.60488|4145
Selangor/KL/Putrajaya|45000|3.342043|101.248981|47200|3.05807611|101.59866162|3623
Selangor/KL/Putrajaya|45000|3.342043|101.248981|48000|3.320579|101.575825|2903
Selangor/KL/Putrajaya|45000|3.342043|101.248981|48100|3.318829|101.472824|2260
Selangor/KL/Putrajaya|45000|3.342043|101.248981|48200|3.36499321|101.60397874|3332
Selangor/KL/Putrajaya|45000|3.342043|101.248981|50000|3.143717|101.694244|3650
Selangor/KL/Putrajaya|45000|3.342043|101.248981|53100|3.26023787|101.7333987|3900
Selangor/KL/Putrajaya|45000|3.342043|101.248981|62000|2.93723|101.69482|4948
Selangor/KL/Putrajaya|45000|3.342043|101.248981|63000|2.858811|101.677911|4960
Selangor/KL/Putrajaya|45000|3.342043|101.248981|64000|2.75421|101.70507|5190
Selangor/KL/Putrajaya|45000|3.342043|101.248981|68000|3.14687|101.76269|4246
Selangor/KL/Putrajaya|45000|3.342043|101.248981|68100|3.236517|101.673419|3279
Selangor/KL/Putrajaya|45100|3.842558|100.895663|45200|3.769493|100.983632|1356
Selangor/KL/Putrajaya|45100|3.842558|100.895663|45300|3.676208|100.986402|1584
Selangor/KL/Putrajaya|45100|3.842558|100.895663|45400|3.508705|101.103137|2895
Selangor/KL/Putrajaya|45100|3.842558|100.895663|45500|3.426269|101.176976|3513
Selangor/KL/Putrajaya|45100|3.842558|100.895663|45600|3.379264|101.409819|5455
Selangor/KL/Putrajaya|45100|3.842558|100.895663|45700|3.309783|101.316481|5065
Selangor/KL/Putrajaya|45100|3.842558|100.895663|45800|3.26099|101.304808|5121
Selangor/KL/Putrajaya|45100|3.842558|100.895663|46000|3.086439|101.649091|8031
Selangor/KL/Putrajaya|45100|3.842558|100.895663|46150|3.072257555|101.62387631|8340
Selangor/KL/Putrajaya|45100|3.842558|100.895663|46300|3.110464412|101.6263315|7943
Selangor/KL/Putrajaya|45100|3.842558|100.895663|47000|3.209228|101.563796|7230
Selangor/KL/Putrajaya|45100|3.842558|100.895663|47100|3.00725|101.60488|8353
Selangor/KL/Putrajaya|45100|3.842558|100.895663|47200|3.05807611|101.59866162|7830
Selangor/KL/Putrajaya|45100|3.842558|100.895663|48000|3.320579|101.575825|7110
Selangor/KL/Putrajaya|45100|3.842558|100.895663|48100|3.318829|101.472824|6467
Selangor/KL/Putrajaya|45100|3.842558|100.895663|48200|3.36499321|101.60397874|7539
Selangor/KL/Putrajaya|45100|3.842558|100.895663|50000|3.143717|101.694244|7858
Selangor/KL/Putrajaya|45100|3.842558|100.895663|53100|3.26023787|101.7333987|8108
Selangor/KL/Putrajaya|45100|3.842558|100.895663|62000|2.93723|101.69482|9156
Selangor/KL/Putrajaya|45100|3.842558|100.895663|63000|2.858811|101.677911|9168
Selangor/KL/Putrajaya|45100|3.842558|100.895663|64000|2.75421|101.70507|9397
Selangor/KL/Putrajaya|45100|3.842558|100.895663|68000|3.14687|101.76269|8453
Selangor/KL/Putrajaya|45100|3.842558|100.895663|68100|3.236517|101.673419|7487
Selangor/KL/Putrajaya|45200|3.769493|100.983632|45300|3.676208|100.986402|813
Selangor/KL/Putrajaya|45200|3.769493|100.983632|45400|3.508705|101.103137|2124
Selangor/KL/Putrajaya|45200|3.769493|100.983632|45500|3.426269|101.176976|2742
Selangor/KL/Putrajaya|45200|3.769493|100.983632|45600|3.379264|101.409819|4684
Selangor/KL/Putrajaya|45200|3.769493|100.983632|45700|3.309783|101.316481|4294
Selangor/KL/Putrajaya|45200|3.769493|100.983632|45800|3.26099|101.304808|4350
Selangor/KL/Putrajaya|45200|3.769493|100.983632|46000|3.086439|101.649091|7260
Selangor/KL/Putrajaya|45200|3.769493|100.983632|46150|3.072257555|101.62387631|7569
Selangor/KL/Putrajaya|45200|3.769493|100.983632|46300|3.110464412|101.6263315|7172
Selangor/KL/Putrajaya|45200|3.769493|100.983632|47000|3.209228|101.563796|6459
Selangor/KL/Putrajaya|45200|3.769493|100.983632|47100|3.00725|101.60488|7582
Selangor/KL/Putrajaya|45200|3.769493|100.983632|47200|3.05807611|101.59866162|7059
Selangor/KL/Putrajaya|45200|3.769493|100.983632|48000|3.320579|101.575825|6339
Selangor/KL/Putrajaya|45200|3.769493|100.983632|48100|3.318829|101.472824|5696
Selangor/KL/Putrajaya|45200|3.769493|100.983632|48200|3.36499321|101.60397874|6768
Selangor/KL/Putrajaya|45200|3.769493|100.983632|50000|3.143717|101.694244|7087
Selangor/KL/Putrajaya|45200|3.769493|100.983632|53100|3.26023787|101.7333987|7337
Selangor/KL/Putrajaya|45200|3.769493|100.983632|62000|2.93723|101.69482|8385
Selangor/KL/Putrajaya|45200|3.769493|100.983632|63000|2.858811|101.677911|8397
Selangor/KL/Putrajaya|45200|3.769493|100.983632|64000|2.75421|101.70507|8626
Selangor/KL/Putrajaya|45200|3.769493|100.983632|68000|3.14687|101.76269|7682
Selangor/KL/Putrajaya|45200|3.769493|100.983632|68100|3.236517|101.673419|6716
Selangor/KL/Putrajaya|45300|3.676208|100.986402|45400|3.508705|101.103137|1552
Selangor/KL/Putrajaya|45300|3.676208|100.986402|45500|3.426269|101.176976|2170
Selangor/KL/Putrajaya|45300|3.676208|100.986402|45600|3.379264|101.409819|4111
Selangor/KL/Putrajaya|45300|3.676208|100.986402|45700|3.309783|101.316481|3721
Selangor/KL/Putrajaya|45300|3.676208|100.986402|45800|3.26099|101.304808|3778
Selangor/KL/Putrajaya|45300|3.676208|100.986402|46000|3.086439|101.649091|6688
Selangor/KL/Putrajaya|45300|3.676208|100.986402|46150|3.072257555|101.62387631|6997
Selangor/KL/Putrajaya|45300|3.676208|100.986402|46300|3.110464412|101.6263315|6599
Selangor/KL/Putrajaya|45300|3.676208|100.986402|47000|3.209228|101.563796|5887
Selangor/KL/Putrajaya|45300|3.676208|100.986402|47100|3.00725|101.60488|7010
Selangor/KL/Putrajaya|45300|3.676208|100.986402|47200|3.05807611|101.59866162|6487
Selangor/KL/Putrajaya|45300|3.676208|100.986402|48000|3.320579|101.575825|5767
Selangor/KL/Putrajaya|45300|3.676208|100.986402|48100|3.318829|101.472824|5124
Selangor/KL/Putrajaya|45300|3.676208|100.986402|48200|3.36499321|101.60397874|6196
Selangor/KL/Putrajaya|45300|3.676208|100.986402|50000|3.143717|101.694244|6515
Selangor/KL/Putrajaya|45300|3.676208|100.986402|53100|3.26023787|101.7333987|6765
Selangor/KL/Putrajaya|45300|3.676208|100.986402|62000|2.93723|101.69482|7813
Selangor/KL/Putrajaya|45300|3.676208|100.986402|63000|2.858811|101.677911|7824
Selangor/KL/Putrajaya|45300|3.676208|100.986402|64000|2.75421|101.70507|8054
Selangor/KL/Putrajaya|45300|3.676208|100.986402|68000|3.14687|101.76269|7110
Selangor/KL/Putrajaya|45300|3.676208|100.986402|68100|3.236517|101.673419|6144
Selangor/KL/Putrajaya|45400|3.508705|101.103137|45500|3.426269|101.176976|818
Selangor/KL/Putrajaya|45400|3.508705|101.103137|45600|3.379264|101.409819|2759
Selangor/KL/Putrajaya|45400|3.508705|101.103137|45700|3.309783|101.316481|2370
Selangor/KL/Putrajaya|45400|3.508705|101.103137|45800|3.26099|101.304808|2426
Selangor/KL/Putrajaya|45400|3.508705|101.103137|46000|3.086439|101.649091|5336
Selangor/KL/Putrajaya|45400|3.508705|101.103137|46150|3.072257555|101.62387631|5645
Selangor/KL/Putrajaya|45400|3.508705|101.103137|46300|3.110464412|101.6263315|5248
Selangor/KL/Putrajaya|45400|3.508705|101.103137|47000|3.209228|101.563796|4535
Selangor/KL/Putrajaya|45400|3.508705|101.103137|47100|3.00725|101.60488|5658
Selangor/KL/Putrajaya|45400|3.508705|101.103137|47200|3.05807611|101.59866162|5135
Selangor/KL/Putrajaya|45400|3.508705|101.103137|48000|3.320579|101.575825|4415
Selangor/KL/Putrajaya|45400|3.508705|101.103137|48100|3.318829|101.472824|3772
Selangor/KL/Putrajaya|45400|3.508705|101.103137|48200|3.36499321|101.60397874|4844
Selangor/KL/Putrajaya|45400|3.508705|101.103137|50000|3.143717|101.694244|5163
Selangor/KL/Putrajaya|45400|3.508705|101.103137|53100|3.26023787|101.7333987|5413
Selangor/KL/Putrajaya|45400|3.508705|101.103137|62000|2.93723|101.69482|6461
Selangor/KL/Putrajaya|45400|3.508705|101.103137|63000|2.858811|101.677911|6473
Selangor/KL/Putrajaya|45400|3.508705|101.103137|64000|2.75421|101.70507|6702
Selangor/KL/Putrajaya|45400|3.508705|101.103137|68000|3.14687|101.76269|5758
Selangor/KL/Putrajaya|45400|3.508705|101.103137|68100|3.236517|101.673419|4792
Selangor/KL/Putrajaya|45500|3.426269|101.176976|45600|3.379264|101.409819|1957
Selangor/KL/Putrajaya|45500|3.426269|101.176976|45700|3.309783|101.316481|1633
Selangor/KL/Putrajaya|45500|3.426269|101.176976|45800|3.26099|101.304808|1690
Selangor/KL/Putrajaya|45500|3.426269|101.176976|46000|3.086439|101.649091|4600
Selangor/KL/Putrajaya|45500|3.426269|101.176976|46150|3.072257555|101.62387631|4908
Selangor/KL/Putrajaya|45500|3.426269|101.176976|46300|3.110464412|101.6263315|4511
Selangor/KL/Putrajaya|45500|3.426269|101.176976|47000|3.209228|101.563796|3798
Selangor/KL/Putrajaya|45500|3.426269|101.176976|47100|3.00725|101.60488|4921
Selangor/KL/Putrajaya|45500|3.426269|101.176976|47200|3.05807611|101.59866162|4399
Selangor/KL/Putrajaya|45500|3.426269|101.176976|48000|3.320579|101.575825|3679
Selangor/KL/Putrajaya|45500|3.426269|101.176976|48100|3.318829|101.472824|3036
Selangor/KL/Putrajaya|45500|3.426269|101.176976|48200|3.36499321|101.60397874|4108
Selangor/KL/Putrajaya|45500|3.426269|101.176976|50000|3.143717|101.694244|4426
Selangor/KL/Putrajaya|45500|3.426269|101.176976|53100|3.26023787|101.7333987|4676
Selangor/KL/Putrajaya|45500|3.426269|101.176976|62000|2.93723|101.69482|5724
Selangor/KL/Putrajaya|45500|3.426269|101.176976|63000|2.858811|101.677911|5736
Selangor/KL/Putrajaya|45500|3.426269|101.176976|64000|2.75421|101.70507|5966
Selangor/KL/Putrajaya|45500|3.426269|101.176976|68000|3.14687|101.76269|5022
Selangor/KL/Putrajaya|45500|3.426269|101.176976|68100|3.236517|101.673419|4055
Selangor/KL/Putrajaya|45600|3.379264|101.409819|45700|3.309783|101.316481|1130
Selangor/KL/Putrajaya|45600|3.379264|101.409819|45800|3.26099|101.304808|1710
Selangor/KL/Putrajaya|45600|3.379264|101.409819|46000|3.086439|101.649091|3393
Selangor/KL/Putrajaya|45600|3.379264|101.409819|46150|3.072257555|101.62387631|3702
Selangor/KL/Putrajaya|45600|3.379264|101.409819|46300|3.110464412|101.6263315|3305
Selangor/KL/Putrajaya|45600|3.379264|101.409819|47000|3.209228|101.563796|2381
Selangor/KL/Putrajaya|45600|3.379264|101.409819|47100|3.00725|101.60488|3643
Selangor/KL/Putrajaya|45600|3.379264|101.409819|47200|3.05807611|101.59866162|3192
Selangor/KL/Putrajaya|45600|3.379264|101.409819|48000|3.320579|101.575825|2344
Selangor/KL/Putrajaya|45600|3.379264|101.409819|48100|3.318829|101.472824|1321
Selangor/KL/Putrajaya|45600|3.379264|101.409819|48200|3.36499321|101.60397874|3040
Selangor/KL/Putrajaya|45600|3.379264|101.409819|50000|3.143717|101.694244|3220
Selangor/KL/Putrajaya|45600|3.379264|101.409819|53100|3.26023787|101.7333987|3470
Selangor/KL/Putrajaya|45600|3.379264|101.409819|62000|2.93723|101.69482|4428
Selangor/KL/Putrajaya|45600|3.379264|101.409819|63000|2.858811|101.677911|4318
Selangor/KL/Putrajaya|45600|3.379264|101.409819|64000|2.75421|101.70507|4548
Selangor/KL/Putrajaya|45600|3.379264|101.409819|68000|3.14687|101.76269|3815
Selangor/KL/Putrajaya|45600|3.379264|101.409819|68100|3.236517|101.673419|2849
Selangor/KL/Putrajaya|45700|3.309783|101.316481|45800|3.26099|101.304808|1174
Selangor/KL/Putrajaya|45700|3.309783|101.316481|46000|3.086439|101.649091|2965
Selangor/KL/Putrajaya|45700|3.309783|101.316481|46150|3.072257555|101.62387631|3274
Selangor/KL/Putrajaya|45700|3.309783|101.316481|46300|3.110464412|101.6263315|2877
Selangor/KL/Putrajaya|45700|3.309783|101.316481|47000|3.209228|101.563796|2164
Selangor/KL/Putrajaya|45700|3.309783|101.316481|47100|3.00725|101.60488|3287
Selangor/KL/Putrajaya|45700|3.309783|101.316481|47200|3.05807611|101.59866162|2764
Selangor/KL/Putrajaya|45700|3.309783|101.316481|48000|3.320579|101.575825|2044
Selangor/KL/Putrajaya|45700|3.309783|101.316481|48100|3.318829|101.472824|1401
Selangor/KL/Putrajaya|45700|3.309783|101.316481|48200|3.36499321|101.60397874|2473
Selangor/KL/Putrajaya|45700|3.309783|101.316481|50000|3.143717|101.694244|2792
Selangor/KL/Putrajaya|45700|3.309783|101.316481|53100|3.26023787|101.7333987|3042
Selangor/KL/Putrajaya|45700|3.309783|101.316481|62000|2.93723|101.69482|4090
Selangor/KL/Putrajaya|45700|3.309783|101.316481|63000|2.858811|101.677911|4102
Selangor/KL/Putrajaya|45700|3.309783|101.316481|64000|2.75421|101.70507|4331
Selangor/KL/Putrajaya|45700|3.309783|101.316481|68000|3.14687|101.76269|3387
Selangor/KL/Putrajaya|45700|3.309783|101.316481|68100|3.236517|101.673419|2421
Selangor/KL/Putrajaya|45800|3.26099|101.304808|46000|3.086439|101.649091|3399
Selangor/KL/Putrajaya|45800|3.26099|101.304808|46150|3.072257555|101.62387631|3780
Selangor/KL/Putrajaya|45800|3.26099|101.304808|46300|3.110464412|101.6263315|3375
Selangor/KL/Putrajaya|45800|3.26099|101.304808|47000|3.209228|101.563796|2662
Selangor/KL/Putrajaya|45800|3.26099|101.304808|47100|3.00725|101.60488|3681
Selangor/KL/Putrajaya|45800|3.26099|101.304808|47200|3.05807611|101.59866162|3263
Selangor/KL/Putrajaya|45800|3.26099|101.304808|48000|3.320579|101.575825|2543
Selangor/KL/Putrajaya|45800|3.26099|101.304808|48100|3.318829|101.472824|1900
Selangor/KL/Putrajaya|45800|3.26099|101.304808|48200|3.36499321|101.60397874|2972
Selangor/KL/Putrajaya|45800|3.26099|101.304808|50000|3.143717|101.694244|3290
Selangor/KL/Putrajaya|45800|3.26099|101.304808|53100|3.26023787|101.7333987|3540
Selangor/KL/Putrajaya|45800|3.26099|101.304808|62000|2.93723|101.69482|4467
Selangor/KL/Putrajaya|45800|3.26099|101.304808|63000|2.858811|101.677911|4356
Selangor/KL/Putrajaya|45800|3.26099|101.304808|64000|2.75421|101.70507|4586
Selangor/KL/Putrajaya|45800|3.26099|101.304808|68000|3.14687|101.76269|3886
Selangor/KL/Putrajaya|45800|3.26099|101.304808|68100|3.236517|101.673419|2919
Selangor/KL/Putrajaya|46000|3.086439|101.649091|46150|3.072257555|101.62387631|1263
Selangor/KL/Putrajaya|46000|3.086439|101.649091|46300|3.110464412|101.6263315|762
Selangor/KL/Putrajaya|46000|3.086439|101.649091|47000|3.209228|101.563796|1798
Selangor/KL/Putrajaya|46000|3.086439|101.649091|47100|3.00725|101.60488|1237
Selangor/KL/Putrajaya|46000|3.086439|101.649091|47200|3.05807611|101.59866162|1073
Selangor/KL/Putrajaya|46000|3.086439|101.649091|48000|3.320579|101.575825|2454
Selangor/KL/Putrajaya|46000|3.086439|101.649091|48100|3.318829|101.472824|2911
Selangor/KL/Putrajaya|46000|3.086439|101.649091|48200|3.36499321|101.60397874|2673
Selangor/KL/Putrajaya|46000|3.086439|101.649091|50000|3.143717|101.694244|991
Selangor/KL/Putrajaya|46000|3.086439|101.649091|53100|3.26023787|101.7333987|2185
Selangor/KL/Putrajaya|46000|3.086439|101.649091|62000|2.93723|101.69482|1976
Selangor/KL/Putrajaya|46000|3.086439|101.649091|63000|2.858811|101.677911|2308
Selangor/KL/Putrajaya|46000|3.086439|101.649091|64000|2.75421|101.70507|2829
Selangor/KL/Putrajaya|46000|3.086439|101.649091|68000|3.14687|101.76269|1582
Selangor/KL/Putrajaya|46000|3.086439|101.649091|68100|3.236517|101.673419|1838
Selangor/KL/Putrajaya|46150|3.072257555|101.62387631|46300|3.110464412|101.6263315|1339
Selangor/KL/Putrajaya|46150|3.072257555|101.62387631|47000|3.209228|101.563796|2118
Selangor/KL/Putrajaya|46150|3.072257555|101.62387631|47100|3.00725|101.60488|990
Selangor/KL/Putrajaya|46150|3.072257555|101.62387631|47200|3.05807611|101.59866162|888
Selangor/KL/Putrajaya|46150|3.072257555|101.62387631|48000|3.320579|101.575825|2668
Selangor/KL/Putrajaya|46150|3.072257555|101.62387631|48100|3.318829|101.472824|3124
Selangor/KL/Putrajaya|46150|3.072257555|101.62387631|48200|3.36499321|101.60397874|3267
Selangor/KL/Putrajaya|46150|3.072257555|101.62387631|50000|3.143717|101.694244|1542
Selangor/KL/Putrajaya|46150|3.072257555|101.62387631|53100|3.26023787|101.7333987|2760
Selangor/KL/Putrajaya|46150|3.072257555|101.62387631|62000|2.93723|101.69482|1793
Selangor/KL/Putrajaya|46150|3.072257555|101.62387631|63000|2.858811|101.677911|2174
Selangor/KL/Putrajaya|46150|3.072257555|101.62387631|64000|2.75421|101.70507|2620
Selangor/KL/Putrajaya|46150|3.072257555|101.62387631|68000|3.14687|101.76269|2056
Selangor/KL/Putrajaya|46150|3.072257555|101.62387631|68100|3.236517|101.673419|2383
Selangor/KL/Putrajaya|46300|3.110464412|101.6263315|47000|3.209228|101.563796|1402
Selangor/KL/Putrajaya|46300|3.110464412|101.6263315|47100|3.00725|101.60488|1298
Selangor/KL/Putrajaya|46300|3.110464412|101.6263315|47200|3.05807611|101.59866162|1156
Selangor/KL/Putrajaya|46300|3.110464412|101.6263315|48000|3.320579|101.575825|2136
Selangor/KL/Putrajaya|46300|3.110464412|101.6263315|48100|3.318829|101.472824|2592
Selangor/KL/Putrajaya|46300|3.110464412|101.6263315|48200|3.36499321|101.60397874|2551
Selangor/KL/Putrajaya|46300|3.110464412|101.6263315|50000|3.143717|101.694244|940
Selangor/KL/Putrajaya|46300|3.110464412|101.6263315|53100|3.26023787|101.7333987|2044
Selangor/KL/Putrajaya|46300|3.110464412|101.6263315|62000|2.93723|101.69482|2101
Selangor/KL/Putrajaya|46300|3.110464412|101.6263315|63000|2.858811|101.677911|2482
Selangor/KL/Putrajaya|46300|3.110464412|101.6263315|64000|2.75421|101.70507|2912
Selangor/KL/Putrajaya|46300|3.110464412|101.6263315|68000|3.14687|101.76269|1585
Selangor/KL/Putrajaya|46300|3.110464412|101.6263315|68100|3.236517|101.673419|1667
Selangor/KL/Putrajaya|47000|3.209228|101.563796|47100|3.00725|101.60488|2143
Selangor/KL/Putrajaya|47000|3.209228|101.563796|47200|3.05807611|101.59866162|1521
Selangor/KL/Putrajaya|47000|3.209228|101.563796|48000|3.320579|101.575825|1548
Selangor/KL/Putrajaya|47000|3.209228|101.563796|48100|3.318829|101.472824|1877
Selangor/KL/Putrajaya|47000|3.209228|101.563796|48200|3.36499321|101.60397874|2180
Selangor/KL/Putrajaya|47000|3.209228|101.563796|50000|3.143717|101.694244|1467
Selangor/KL/Putrajaya|47000|3.209228|101.563796|53100|3.26023787|101.7333987|1672
Selangor/KL/Putrajaya|47000|3.209228|101.563796|62000|2.93723|101.69482|2946
Selangor/KL/Putrajaya|47000|3.209228|101.563796|63000|2.858811|101.677911|2908
Selangor/KL/Putrajaya|47000|3.209228|101.563796|64000|2.75421|101.70507|3137
Selangor/KL/Putrajaya|47000|3.209228|101.563796|68000|3.14687|101.76269|2107
Selangor/KL/Putrajaya|47000|3.209228|101.563796|68100|3.236517|101.673419|1295
Selangor/KL/Putrajaya|47100|3.00725|101.60488|47200|3.05807611|101.59866162|960
Selangor/KL/Putrajaya|47100|3.00725|101.60488|48000|3.320579|101.575825|2740
Selangor/KL/Putrajaya|47100|3.00725|101.60488|48100|3.318829|101.472824|3116
Selangor/KL/Putrajaya|47100|3.00725|101.60488|48200|3.36499321|101.60397874|3339
Selangor/KL/Putrajaya|47100|3.00725|101.60488|50000|3.143717|101.694244|1614
Selangor/KL/Putrajaya|47100|3.00725|101.60488|53100|3.26023787|101.7333987|2832
Selangor/KL/Putrajaya|47100|3.00725|101.60488|62000|2.93723|101.69482|1176
Selangor/KL/Putrajaya|47100|3.00725|101.60488|63000|2.858811|101.677911|1557
Selangor/KL/Putrajaya|47100|3.00725|101.60488|64000|2.75421|101.70507|2196
Selangor/KL/Putrajaya|47100|3.00725|101.60488|68000|3.14687|101.76269|2099
Selangor/KL/Putrajaya|47100|3.00725|101.60488|68100|3.236517|101.673419|2455
Selangor/KL/Putrajaya|47200|3.05807611|101.59866162|48000|3.320579|101.575825|2204
Selangor/KL/Putrajaya|47200|3.05807611|101.59866162|48100|3.318829|101.472824|2661
Selangor/KL/Putrajaya|47200|3.05807611|101.59866162|48200|3.36499321|101.60397874|2900
Selangor/KL/Putrajaya|47200|3.05807611|101.59866162|50000|3.143717|101.694244|1390
Selangor/KL/Putrajaya|47200|3.05807611|101.59866162|53100|3.26023787|101.7333987|2453
Selangor/KL/Putrajaya|47200|3.05807611|101.59866162|62000|2.93723|101.69482|1779
Selangor/KL/Putrajaya|47200|3.05807611|101.59866162|63000|2.858811|101.677911|2006
Selangor/KL/Putrajaya|47200|3.05807611|101.59866162|64000|2.75421|101.70507|2236
Selangor/KL/Putrajaya|47200|3.05807611|101.59866162|68000|3.14687|101.76269|1944
Selangor/KL/Putrajaya|47200|3.05807611|101.59866162|68100|3.236517|101.673419|2107
Selangor/KL/Putrajaya|48000|3.320579|101.575825|48100|3.318829|101.472824|1543
Selangor/KL/Putrajaya|48000|3.320579|101.575825|48200|3.36499321|101.60397874|806
Selangor/KL/Putrajaya|48000|3.320579|101.575825|50000|3.143717|101.694244|1871
Selangor/KL/Putrajaya|48000|3.320579|101.575825|53100|3.26023787|101.7333987|1864
Selangor/KL/Putrajaya|48000|3.320579|101.575825|62000|2.93723|101.69482|3397
Selangor/KL/Putrajaya|48000|3.320579|101.575825|63000|2.858811|101.677911|3402
Selangor/KL/Putrajaya|48000|3.320579|101.575825|64000|2.75421|101.70507|3632
Selangor/KL/Putrajaya|48000|3.320579|101.575825|68000|3.14687|101.76269|2545
Selangor/KL/Putrajaya|48000|3.320579|101.575825|68100|3.236517|101.673419|1243
Selangor/KL/Putrajaya|48100|3.318829|101.472824|48200|3.36499321|101.60397874|2305
Selangor/KL/Putrajaya|48100|3.318829|101.472824|50000|3.143717|101.694244|2605
Selangor/KL/Putrajaya|48100|3.318829|101.472824|53100|3.26023787|101.7333987|2855
Selangor/KL/Putrajaya|48100|3.318829|101.472824|62000|2.93723|101.69482|3903
Selangor/KL/Putrajaya|48100|3.318829|101.472824|63000|2.858811|101.677911|3932
Selangor/KL/Putrajaya|48100|3.318829|101.472824|64000|2.75421|101.70507|4162
Selangor/KL/Putrajaya|48100|3.318829|101.472824|68000|3.14687|101.76269|3201
Selangor/KL/Putrajaya|48100|3.318829|101.472824|68100|3.236517|101.673419|2234
Selangor/KL/Putrajaya|48200|3.36499321|101.60397874|50000|3.143717|101.694244|1879
Selangor/KL/Putrajaya|48200|3.36499321|101.60397874|53100|3.26023787|101.7333987|1872
Selangor/KL/Putrajaya|48200|3.36499321|101.60397874|62000|2.93723|101.69482|3405
Selangor/KL/Putrajaya|48200|3.36499321|101.60397874|63000|2.858811|101.677911|3755
Selangor/KL/Putrajaya|48200|3.36499321|101.60397874|64000|2.75421|101.70507|4224
Selangor/KL/Putrajaya|48200|3.36499321|101.60397874|68000|3.14687|101.76269|2553
Selangor/KL/Putrajaya|48200|3.36499321|101.60397874|68100|3.236517|101.673419|1251
Selangor/KL/Putrajaya|50000|3.143717|101.694244|53100|3.26023787|101.7333987|1567
Selangor/KL/Putrajaya|50000|3.143717|101.694244|62000|2.93723|101.69482|1729
Selangor/KL/Putrajaya|50000|3.143717|101.694244|63000|2.858811|101.677911|2079
Selangor/KL/Putrajaya|50000|3.143717|101.694244|64000|2.75421|101.70507|2736
Selangor/KL/Putrajaya|50000|3.143717|101.694244|68000|3.14687|101.76269|906
Selangor/KL/Putrajaya|50000|3.143717|101.694244|68100|3.236517|101.673419|1261
Selangor/KL/Putrajaya|53100|3.26023787|101.7333987|62000|2.93723|101.69482|3019
Selangor/KL/Putrajaya|53100|3.26023787|101.7333987|63000|2.858811|101.677911|3352
Selangor/KL/Putrajaya|53100|3.26023787|101.7333987|64000|2.75421|101.70507|3991
Selangor/KL/Putrajaya|53100|3.26023787|101.7333987|68000|3.14687|101.76269|1783
Selangor/KL/Putrajaya|53100|3.26023787|101.7333987|68100|3.236517|101.673419|1151
Selangor/KL/Putrajaya|62000|2.93723|101.69482|63000|2.858811|101.677911|1117
Selangor/KL/Putrajaya|62000|2.93723|101.69482|64000|2.75421|101.70507|1828
Selangor/KL/Putrajaya|62000|2.93723|101.69482|68000|3.14687|101.76269|2184
Selangor/KL/Putrajaya|62000|2.93723|101.69482|68100|3.236517|101.673419|2832
Selangor/KL/Putrajaya|63000|2.858811|101.677911|64000|2.75421|101.70507|1234
Selangor/KL/Putrajaya|63000|2.858811|101.677911|68000|3.14687|101.76269|2499
Selangor/KL/Putrajaya|63000|2.858811|101.677911|68100|3.236517|101.673419|3054
Selangor/KL/Putrajaya|64000|2.75421|101.70507|68000|3.14687|101.76269|3399
Selangor/KL/Putrajaya|64000|2.75421|101.70507|68100|3.236517|101.673419|3856
Selangor/KL/Putrajaya|68000|3.14687|101.76269|68100|3.236517|101.673419|1827
