state|postcode|master_postcode
Johor|79000|79000
Johor|79050|79000
Johor|79100|79000
Johor|79150|79000
Johor|79200|79000
Johor|79250|79000
Johor|79502|79000
Johor|79503|79000
Johor|79504|79000
Johor|79511|79000
Johor|79513|79000
Johor|79514|79000
Johor|79517|79000
Johor|79518|79000
Johor|79520|79000
Johor|79521|79000
Johor|79523|79000
Johor|79532|79000
Johor|79538|79000
Johor|79540|79000
Johor|79546|79000
Johor|79548|79000
Johor|79550|79000
Johor|79555|79000
Johor|79570|79000
Johor|79575|79000
Johor|79576|79000
Johor|79582|79000
Johor|79592|79000
Johor|79601|79000
Johor|79603|79000
Johor|79605|79000
Johor|79606|79000
Johor|79612|79000
Johor|79626|79000
Johor|79630|79000
Johor|79632|79000
Johor|79646|79000
Johor|79658|79000
Johor|79660|79000
Johor|79680|79000
Johor|79681|79000
Johor|79683|79000
Johor|80000|80000
Johor|80050|80000
Johor|80057|80000
Johor|80100|80000
Johor|80150|80000
Johor|80200|80000
Johor|80250|80000
Johor|80300|80000
Johor|80350|80000
Johor|80357|80000
Johor|80359|80000
Johor|80400|80000
Johor|80500|80000
Johor|80505|80000
Johor|80506|80000
Johor|80508|80000
Johor|80514|80000
Johor|80516|80000
Johor|80519|80000
Johor|80534|80000
Johor|80536|80000
Johor|80538|80000
Johor|80542|80000
Johor|80544|80000
Johor|80546|80000
Johor|80554|80000
Johor|80558|80000
Johor|80560|80000
Johor|80564|80000
Johor|80568|80000
Johor|80578|80000
Johor|80586|80000
Johor|80590|80000
Johor|80592|80000
Johor|80594|80000
Johor|80596|80000
Johor|80598|80000
Johor|80600|80000
Johor|80604|80000
Johor|80608|80000
Johor|80620|80000
Johor|80622|80000
Johor|80628|80000
Johor|80644|80000
Johor|80648|80000
Johor|80662|80000
Johor|80664|80000
Johor|80670|80000
Johor|80672|80000
Johor|80673|80000
Johor|80676|80000
Johor|80690|80000
Johor|80700|80000
Johor|80710|80000
Johor|80720|80000
Johor|80730|80000
Johor|80900|80000
Johor|80902|80000
Johor|80904|80000
Johor|80906|80000
Johor|80908|80000
Johor|80988|80000
Johor|80990|80000
Johor|81000|81000
Johor|81007|81000
Johor|81009|81000
Johor|81100|80000
Johor|81107|80000
Johor|81200|80000
Johor|81300|81300
Johor|81307|80000
Johor|81310|80000
Johor|81400|81400
Johor|81407|81400
Johor|81409|81400
Johor|81440|81440
Johor|81447|81440
Johor|81450|81450
Johor|81500|81500
Johor|81507|81500
Johor|81550|81550
Johor|81551|80000
Johor|81552|80000
Johor|81556|80000
Johor|81557|81550
Johor|81600|81600
Johor|81700|81700
Johor|81707|81700
Johor|81750|81750
Johor|81757|81750
Johor|81759|81750
Johor|81800|81800
Johor|81807|81800
Johor|81809|81800
Johor|81850|81850
Johor|81900|81900
Johor|81907|81900
Johor|81920|81920
Johor|81927|81920
Johor|81930|81930
Johor|81937|81930
Johor|82000|82000
Johor|82007|82000
Johor|82009|82000
Johor|82100|82100
Johor|82200|82200
Johor|82207|82200
Johor|82300|82300
Johor|83000|83000
Johor|83007|83000
Johor|83009|83000
Johor|83010|83000
Johor|83100|83100
Johor|83200|83200
Johor|83300|83300
Johor|83307|83300
Johor|83400|83400
Johor|83407|83400
Johor|83500|83500
Johor|83600|83600
Johor|83700|83700
Johor|83707|83700
Johor|84000|84000
Johor|84007|84000
Johor|84150|84150
Johor|84157|84150
Johor|84200|84000
Johor|84300|84300
Johor|84400|84400
Johor|84407|84400
Johor|84500|84500
Johor|84600|84600
Johor|84700|84700
Johor|84800|84800
Johor|84900|84900
Johor|84907|84900
Johor|84909|84900
Johor|85000|85000
Johor|85007|85000
Johor|85100|85100
Johor|85109|85100
Johor|85200|85200
Johor|85300|85300
Johor|85307|85300
Johor|85309|85300
Johor|85400|85400
Johor|86000|86000
Johor|86007|86000
Johor|86009|86000
Johor|86100|86100
Johor|86107|86100
Johor|86200|86200
Johor|86207|86200
Johor|86300|86300
Johor|86400|86400
Johor|86407|86400
Johor|86500|86500
Johor|86600|86600
Johor|86700|86700
Johor|86707|86700
Johor|86800|86800
Johor|86807|86800
Johor|86810|86800
Johor|86888|86800
Johor|86900|86900
Kedah|05000|05000
Kedah|05050|05000
Kedah|05100|05000
Kedah|05150|05000
Kedah|05200|05000
Kedah|05250|05000
Kedah|05300|05000
Kedah|05350|05000
Kedah|05400|05000
Kedah|05460|05000
Kedah|05500|05000
Kedah|05502|05000
Kedah|05503|05000
Kedah|05504|05000
Kedah|05505|05000
Kedah|05506|05000
Kedah|05508|05000
Kedah|05512|05000
Kedah|05514|05000
Kedah|05516|05000
Kedah|05517|05000
Kedah|05518|05000
Kedah|05520|05000
Kedah|05532|05000
Kedah|05534|05000
Kedah|05536|05000
Kedah|05538|05000
Kedah|05550|05000
Kedah|05551|05000
Kedah|05552|05000
Kedah|05556|05000
Kedah|05558|05000
Kedah|05560|05000
Kedah|05564|05000
Kedah|05576|05000
Kedah|05578|05000
Kedah|05580|05000
Kedah|05582|05000
Kedah|05586|05000
Kedah|05590|05000
Kedah|05592|05000
Kedah|05594|05000
Kedah|05600|05000
Kedah|05604|05000
Kedah|05610|05000
Kedah|05612|05000
Kedah|05614|05000
Kedah|05620|05000
Kedah|05621|05000
Kedah|05622|05000
Kedah|05626|05000
Kedah|05628|05000
Kedah|05630|05000
Kedah|05632|05000
Kedah|05644|05000
Kedah|05646|05000
Kedah|05660|05000
Kedah|05661|05000
Kedah|05664|05000
Kedah|05670|05000
Kedah|05672|05000
Kedah|05673|05000
Kedah|05674|05000
Kedah|05675|05000
Kedah|05676|05000
Kedah|05680|05000
Kedah|05690|05000
Kedah|05696|05000
Kedah|05700|05000
Kedah|05710|05000
Kedah|05720|05000
Kedah|05990|05000
Kedah|06000|06000
Kedah|06007|06000
Kedah|06009|06000
Kedah|06010|06010
Kedah|06050|06050
Kedah|06100|06100
Kedah|06150|06150
Kedah|06200|06200
Kedah|06207|06200
Kedah|06209|06200
Kedah|06250|05000
Kedah|06300|06300
Kedah|06309|06300
Kedah|06350|06400
Kedah|06400|06400
Kedah|06500|06500
Kedah|06507|06500
Kedah|06509|05000
Kedah|06550|05000
Kedah|06570|05000
Kedah|06600|06600
Kedah|06650|06650
Kedah|06700|06700
Kedah|06707|06700
Kedah|06709|06700
Kedah|06710|06700
Kedah|06720|06700
Kedah|06750|06700
Kedah|06760|06400
Kedah|06800|06800
Kedah|06900|06900
Kedah|06910|06900
Kedah|07000|07000
Kedah|07007|07000
Kedah|07009|07000
Kedah|08000|08000
Kedah|08007|08000
Kedah|08009|08000
Kedah|08010|08000
Kedah|08100|08100
Kedah|08107|08100
Kedah|08109|08100
Kedah|08110|08100
Kedah|08200|08200
Kedah|08210|08200
Kedah|08300|08300
Kedah|08307|08300
Kedah|08320|08700
Kedah|08400|08400
Kedah|08407|08400
Kedah|08409|08400
Kedah|08500|08500
Kedah|08507|08500
Kedah|08509|08500
Kedah|08600|08000
Kedah|08700|08700
Kedah|08800|08300
Kedah|09000|09000
Kedah|09007|09000
Kedah|09009|09000
Kedah|09010|09000
Kedah|09020|09000
Kedah|09100|09100
Kedah|09109|09100
Kedah|09110|09200
Kedah|09120|09100
Kedah|09130|09130
Kedah|09200|09200
Kedah|09300|09300
Kedah|09309|09300
Kedah|09310|09300
Kedah|09400|09400
Kedah|09409|09400
Kedah|09500|09500
Kedah|09600|09600
Kedah|09700|09500
Kedah|09709|09500
Kedah|09800|09800
Kedah|09809|09800
Kedah|09810|09800
Kedah|14390|14390
Kedah|34950|14390
Kelantan|15000|15000
Kelantan|15050|15000
Kelantan|15100|15000
Kelantan|15150|15000
Kelantan|15159|15000
Kelantan|15200|15000
Kelantan|15300|15000
Kelantan|15350|15000
Kelantan|15400|15000
Kelantan|15500|15000
Kelantan|15502|15000
Kelantan|15503|15000
Kelantan|15504|15000
Kelantan|15505|15000
Kelantan|15506|15000
Kelantan|15508|15000
Kelantan|15512|15000
Kelantan|15514|15000
Kelantan|15516|15000
Kelantan|15517|15000
Kelantan|15518|15000
Kelantan|15519|15000
Kelantan|15520|15000
Kelantan|15524|15000
Kelantan|15529|15000
Kelantan|15532|15000
Kelantan|15534|15000
Kelantan|15536|15000
Kelantan|15538|15000
Kelantan|15540|15000
Kelantan|15546|15000
Kelantan|15548|15000
Kelantan|15550|15000
Kelantan|15551|15000
Kelantan|15552|15000
Kelantan|15556|15000
Kelantan|15558|15000
Kelantan|15560|15000
Kelantan|15564|15000
Kelantan|15570|15000
Kelantan|15572|15000
Kelantan|15576|15000
Kelantan|15578|15000
Kelantan|15582|15000
Kelantan|15586|15000
Kelantan|15590|15000
Kelantan|15592|15000
Kelantan|15594|15000
Kelantan|15596|15000
Kelantan|15600|15000
Kelantan|15604|15000
Kelantan|15608|15000
Kelantan|15609|15000
Kelantan|15612|15000
Kelantan|15614|15000
Kelantan|15616|15000
Kelantan|15622|15000
Kelantan|15623|15000
Kelantan|15626|15000
Kelantan|15628|15000
Kelantan|15630|15000
Kelantan|15632|15000
Kelantan|15634|15000
Kelantan|15644|15000
Kelantan|15646|15000
Kelantan|15648|15000
Kelantan|15658|15000
Kelantan|15660|15000
Kelantan|15661|15000
Kelantan|15664|15000
Kelantan|15670|15000
Kelantan|15672|15000
Kelantan|15673|15000
Kelantan|15674|15000
Kelantan|15675|15000
Kelantan|15676|15000
Kelantan|15680|15000
Kelantan|15690|15000
Kelantan|15710|15000
Kelantan|15720|15000
Kelantan|15730|15000
Kelantan|15740|15000
Kelantan|15988|15000
Kelantan|15990|15000
Kelantan|16010|15000
Kelantan|16020|16300
Kelantan|16040|16040
Kelantan|16050|16300
Kelantan|16070|16300
Kelantan|16080|16200
Kelantan|16090|16300
Kelantan|16100|15000
Kelantan|16109|15000
Kelantan|16150|15000
Kelantan|16200|16200
Kelantan|16210|16200
Kelantan|16250|16040
Kelantan|16300|16300
Kelantan|16309|16300
Kelantan|16310|16300
Kelantan|16400|16400
Kelantan|16450|16450
Kelantan|16500|16500
Kelantan|16600|16600
Kelantan|16700|16700
Kelantan|16800|16800
Kelantan|16810|16810
Kelantan|17000|17000
Kelantan|17007|17000
Kelantan|17009|17000
Kelantan|17010|17000
Kelantan|17020|17000
Kelantan|17030|17000
Kelantan|17040|17000
Kelantan|17050|17000
Kelantan|17060|17000
Kelantan|17070|17000
Kelantan|17200|17200
Kelantan|17207|17200
Kelantan|17500|17500
Kelantan|17507|17500
Kelantan|17509|17500
Kelantan|17510|17500
Kelantan|17600|17600
Kelantan|17609|17600
Kelantan|17610|18200
Kelantan|17700|17700
Kelantan|18000|18000
Kelantan|18007|18000
Kelantan|18009|18000
Kelantan|18050|18000
Kelantan|18200|18200
Kelantan|18300|18300
Kelantan|18307|18300
Kelantan|18400|18400
Kelantan|18500|18500
Kelantan|18509|18500
Melaka|75000|75000
Melaka|75050|75000
Melaka|75100|75000
Melaka|75150|75000
Melaka|75200|75000
Melaka|75250|75000
Melaka|75260|75000
Melaka|75300|75000
Melaka|75350|75000
Melaka|75400|75000
Melaka|75450|75450
Melaka|75459|75450
Melaka|75460|75460
Melaka|75500|75000
Melaka|75502|75000
Melaka|75503|75000
Melaka|75504|75000
Melaka|75505|75000
Melaka|75506|75000
Melaka|75508|75000
Melaka|75510|75000
Melaka|75512|75000
Melaka|75514|75000
Melaka|75516|75000
Melaka|75517|75000
Melaka|75518|75000
Melaka|75519|75000
Melaka|75532|75000
Melaka|75536|75000
Melaka|75538|75000
Melaka|75540|75000
Melaka|75542|75000
Melaka|75546|75000
Melaka|75550|75000
Melaka|75551|75000
Melaka|75552|75000
Melaka|75560|75000
Melaka|75564|75000
Melaka|75566|75000
Melaka|75570|75000
Melaka|75572|75000
Melaka|75576|75000
Melaka|75578|75000
Melaka|75582|75000
Melaka|75584|75000
Melaka|75586|75000
Melaka|75590|75000
Melaka|75592|75000
Melaka|75594|75000
Melaka|75596|75000
Melaka|75600|75000
Melaka|75604|75000
Melaka|75606|75000
Melaka|75608|75000
Melaka|75609|75000
Melaka|75612|75000
Melaka|75620|75000
Melaka|75622|75000
Melaka|75623|75000
Melaka|75626|75000
Melaka|75628|75000
Melaka|75630|75000
Melaka|75632|75000
Melaka|75646|75000
Melaka|75648|75000
Melaka|75664|75000
Melaka|75670|75000
Melaka|75672|75000
Melaka|75673|75000
Melaka|75674|75000
Melaka|75676|75000
Melaka|75690|75000
Melaka|75700|75000
Melaka|75710|75000
Melaka|75720|75000
Melaka|75730|75000
Melaka|75740|75000
Melaka|75750|75000
Melaka|75760|75000
Melaka|75900|75000
Melaka|75902|75000
Melaka|75904|75000
Melaka|75906|75000
Melaka|75908|75000
Melaka|75910|75000
Melaka|75912|75000
Melaka|75914|75000
Melaka|75916|75000
Melaka|75918|75000
Melaka|75990|75000
Melaka|76100|76100
Melaka|76109|76109
Melaka|76200|76200
Melaka|76300|76200
Melaka|76400|76400
Melaka|76409|76400
Melaka|76450|75000
Melaka|77000|77000
Melaka|77007|77000
Melaka|77008|77000
Melaka|77009|77000
Melaka|77100|77100
Melaka|77109|77100
Melaka|77200|77200
Melaka|77300|77300
Melaka|77307|77300
Melaka|77309|77300
Melaka|77400|77400
Melaka|77409|77400
Melaka|77500|77500
Melaka|77507|77500
Melaka|77509|77500
Melaka|78000|78000
Melaka|78007|78000
Melaka|78009|78000
Melaka|78100|78100
Melaka|78200|78200
Melaka|78300|78300
Melaka|78307|78300
Melaka|78309|78300
Negeri Sembilan|70000|70000
Negeri Sembilan|70100|70000
Negeri Sembilan|70200|70000
Negeri Sembilan|70300|70000
Negeri Sembilan|70400|70000
Negeri Sembilan|70450|70000
Negeri Sembilan|70500|70000
Negeri Sembilan|70502|70000
Negeri Sembilan|70503|70000
Negeri Sembilan|70504|70000
Negeri Sembilan|70505|70000
Negeri Sembilan|70506|70000
Negeri Sembilan|70508|70000
Negeri Sembilan|70512|70000
Negeri Sembilan|70516|70000
Negeri Sembilan|70517|70000
Negeri Sembilan|70518|70000
Negeri Sembilan|70532|70000
Negeri Sembilan|70534|70000
Negeri Sembilan|70536|70000
Negeri Sembilan|70538|70000
Negeri Sembilan|70540|70000
Negeri Sembilan|70546|70000
Negeri Sembilan|70548|70000
Negeri Sembilan|70550|70000
Negeri Sembilan|70551|70000
Negeri Sembilan|70558|70000
Negeri Sembilan|70560|70000
Negeri Sembilan|70564|70000
Negeri Sembilan|70570|70000
Negeri Sembilan|70572|70000
Negeri Sembilan|70576|70000
Negeri Sembilan|70578|70000
Negeri Sembilan|70582|70000
Negeri Sembilan|70586|70000
Negeri Sembilan|70590|70000
Negeri Sembilan|70592|70000
Negeri Sembilan|70594|70000
Negeri Sembilan|70596|70000
Negeri Sembilan|70600|70000
Negeri Sembilan|70604|70000
Negeri Sembilan|70606|70000
Negeri Sembilan|70608|70000
Negeri Sembilan|70609|70000
Negeri Sembilan|70610|70000
Negeri Sembilan|70612|70000
Negeri Sembilan|70620|70000
Negeri Sembilan|70626|70000
Negeri Sembilan|70628|70000
Negeri Sembilan|70632|70000
Negeri Sembilan|70634|70000
Negeri Sembilan|70644|70000
Negeri Sembilan|70646|70000
Negeri Sembilan|70648|70000
Negeri Sembilan|70658|70000
Negeri Sembilan|70664|70000
Negeri Sembilan|70670|70000
Negeri Sembilan|70672|70000
Negeri Sembilan|70673|70000
Negeri Sembilan|70674|70000
Negeri Sembilan|70676|70000
Negeri Sembilan|70690|70000
Negeri Sembilan|70700|70000
Negeri Sembilan|70710|70000
Negeri Sembilan|70720|70000
Negeri Sembilan|70730|70000
Negeri Sembilan|70740|70000
Negeri Sembilan|70750|70000
Negeri Sembilan|70990|70000
Negeri Sembilan|71000|71000
Negeri Sembilan|71007|71000
Negeri Sembilan|71009|71000
Negeri Sembilan|71010|71000
Negeri Sembilan|71050|71050
Negeri Sembilan|71059|71050
Negeri Sembilan|71100|71100
Negeri Sembilan|71150|71150
Negeri Sembilan|71159|71150
Negeri Sembilan|71200|71100
Negeri Sembilan|71209|71100
Negeri Sembilan|71250|71050
Negeri Sembilan|71259|71050
Negeri Sembilan|71300|71300
Negeri Sembilan|71309|71300
Negeri Sembilan|71350|71350
Negeri Sembilan|71359|71350
Negeri Sembilan|71400|71300
Negeri Sembilan|71409|71300
Negeri Sembilan|71450|70000
Negeri Sembilan|71459|70000
Negeri Sembilan|71500|71500
Negeri Sembilan|71509|71500
Negeri Sembilan|71550|71500
Negeri Sembilan|71559|71500
Negeri Sembilan|71600|71600
Negeri Sembilan|71650|71600
Negeri Sembilan|71659|71600
Negeri Sembilan|71700|71700
Negeri Sembilan|71707|71700
Negeri Sembilan|71709|71700
Negeri Sembilan|71750|71700
Negeri Sembilan|71759|71700
Negeri Sembilan|71760|71760
Negeri Sembilan|71770|70000
Negeri Sembilan|71800|71800
Negeri Sembilan|71807|71807
Negeri Sembilan|71809|71807
Negeri Sembilan|71900|71900
Negeri Sembilan|71907|71900
Negeri Sembilan|71909|71900
Negeri Sembilan|71950|70000
Negeri Sembilan|71960|71000
Negeri Sembilan|72000|72000
Negeri Sembilan|72007|72000
Negeri Sembilan|72009|72000
Negeri Sembilan|72100|72100
Negeri Sembilan|72107|72100
Negeri Sembilan|72109|72100
Negeri Sembilan|72120|72120
Negeri Sembilan|72127|72127
Negeri Sembilan|72129|72127
Negeri Sembilan|72200|72200
Negeri Sembilan|72207|72200
Negeri Sembilan|72209|72200
Negeri Sembilan|72300|72300
Negeri Sembilan|72307|72300
Negeri Sembilan|72309|72300
Negeri Sembilan|72400|72400
Negeri Sembilan|72409|72400
Negeri Sembilan|72500|72000
Negeri Sembilan|72507|72000
Negeri Sembilan|72509|72000
Negeri Sembilan|73000|73000
Negeri Sembilan|73007|73000
Negeri Sembilan|73009|73000
Negeri Sembilan|73010|73000
Negeri Sembilan|73100|73100
Negeri Sembilan|73109|73100
Negeri Sembilan|73200|73200
Negeri Sembilan|73207|73200
Negeri Sembilan|73209|73200
Negeri Sembilan|73300|73200
Negeri Sembilan|73309|73200
Negeri Sembilan|73400|73400
Negeri Sembilan|73409|73400
Negeri Sembilan|73430|73430
Negeri Sembilan|73440|73430
Negeri Sembilan|73450|73430
Negeri Sembilan|73470|73430
Negeri Sembilan|73480|73400
Negeri Sembilan|73500|73500
Negeri Sembilan|73507|73500
Negeri Sembilan|73509|73500
Pahang|25000|25000
Pahang|25050|25000
Pahang|25100|25000
Pahang|25150|25000
Pahang|25200|25000
Pahang|25250|25000
Pahang|25300|25000
Pahang|25350|25000
Pahang|25500|25000
Pahang|25502|25000
Pahang|25503|25000
Pahang|25504|25000
Pahang|25505|25000
Pahang|25506|25000
Pahang|25508|25000
Pahang|25509|25000
Pahang|25512|25000
Pahang|25514|25000
Pahang|25516|25000
Pahang|25517|25000
Pahang|25518|25000
Pahang|25520|25000
Pahang|25524|25000
Pahang|25529|25000
Pahang|25532|25000
Pahang|25534|25000
Pahang|25536|25000
Pahang|25538|25000
Pahang|25540|25000
Pahang|25546|25000
Pahang|25548|25000
Pahang|25550|25000
Pahang|25551|25000
Pahang|25552|25000
Pahang|25556|25000
Pahang|25558|25000
Pahang|25560|25000
Pahang|25564|25000
Pahang|25570|25000
Pahang|25576|25000
Pahang|25578|25000
Pahang|25582|25000
Pahang|25584|25000
Pahang|25586|25000
Pahang|25590|25000
Pahang|25592|25000
Pahang|25594|25000
Pahang|25596|25000
Pahang|25598|25000
Pahang|25600|25000
Pahang|25604|25000
Pahang|25606|25000
Pahang|25608|25000
Pahang|25609|25000
Pahang|25612|25000
Pahang|25614|25000
Pahang|25620|25000
Pahang|25622|25000
Pahang|25626|25000
Pahang|25628|25000
Pahang|25630|25000
Pahang|25632|25000
Pahang|25644|25000
Pahang|25646|25000
Pahang|25648|25000
Pahang|25656|25000
Pahang|25660|25000
Pahang|25661|25000
Pahang|25662|25000
Pahang|25670|25000
Pahang|25672|25000
Pahang|25673|25000
Pahang|25674|25000
Pahang|25676|25000
Pahang|25690|25000
Pahang|25700|25000
Pahang|25709|25000
Pahang|25710|25000
Pahang|25720|25000
Pahang|25730|25000
Pahang|25740|25000
Pahang|25750|25000
Pahang|25990|25000
Pahang|26010|25000
Pahang|26040|25000
Pahang|26050|26050
Pahang|26057|26050
Pahang|26060|25000
Pahang|26070|25000
Pahang|26077|25000
Pahang|26080|25000
Pahang|26090|26050
Pahang|26100|25000
Pahang|26140|25000
Pahang|26150|26150
Pahang|26180|26050
Pahang|26190|26150
Pahang|26197|26150
Pahang|26200|26200
Pahang|26300|26300
Pahang|26309|26300
Pahang|26320|26300
Pahang|26330|26300
Pahang|26340|26300
Pahang|26350|26300
Pahang|26360|26300
Pahang|26370|26300
Pahang|26400|26400
Pahang|26407|26400
Pahang|26409|26400
Pahang|26410|26400
Pahang|26430|26400
Pahang|26450|26400
Pahang|26460|26400
Pahang|26500|26500
Pahang|26507|26500
Pahang|26509|26500
Pahang|26600|26600
Pahang|26607|26600
Pahang|26609|26600
Pahang|26610|26600
Pahang|26620|26600
Pahang|26630|26600
Pahang|26640|26600
Pahang|26650|26600
Pahang|26680|26600
Pahang|26690|26690
Pahang|26700|26700
Pahang|26707|26700
Pahang|26709|26700
Pahang|26800|26800
Pahang|26807|26800
Pahang|26809|26800
Pahang|26810|26800
Pahang|26820|26800
Pahang|26900|26900
Pahang|26907|26900
Pahang|27000|27000
Pahang|27007|27000
Pahang|27009|27000
Pahang|27010|27000
Pahang|27020|27000
Pahang|27030|27030
Pahang|27037|27030
Pahang|27040|27000
Pahang|27050|27000
Pahang|27060|27000
Pahang|27070|27000
Pahang|27090|27000
Pahang|27100|27100
Pahang|27109|27100
Pahang|27150|27000
Pahang|27200|27200
Pahang|27207|27200
Pahang|27209|27200
Pahang|27210|27200
Pahang|27300|27300
Pahang|27307|27300
Pahang|27310|27300
Pahang|27400|27400
Pahang|27500|27500
Pahang|27600|27500
Pahang|27607|27500
Pahang|27609|27500
Pahang|27610|27500
Pahang|27620|27500
Pahang|27630|27500
Pahang|27650|27650
Pahang|27660|27660
Pahang|28000|28000
Pahang|28007|28000
Pahang|28009|28000
Pahang|28010|28000
Pahang|28020|28000
Pahang|28030|28000
Pahang|28040|28000
Pahang|28050|28050
Pahang|28057|28050
Pahang|28059|28050
Pahang|28100|28100
Pahang|28200|28200
Pahang|28300|28300
Pahang|28309|28300
Pahang|28310|28300
Pahang|28320|28300
Pahang|28330|28300
Pahang|28340|28340
Pahang|28380|28340
Pahang|28387|28340
Pahang|28400|28400
Pahang|28407|28400
Pahang|28409|28400
Pahang|28500|28500
Pahang|28509|28500
Pahang|28600|28600
Pahang|28609|28600
Pahang|28610|28600
Pahang|28620|28600
Pahang|28700|28700
Pahang|28707|28700
Pahang|28709|28700
Pahang|28730|28700
Pahang|28740|28700
Pahang|28750|28700
Pahang|28800|28800
Pahang|39000|39000
Pahang|39007|39000
Pahang|39009|39000
Pahang|39010|39000
Pahang|39100|39100
Pahang|39107|39100
Pahang|39200|39200
Pahang|49000|49000
Pahang|69000|69000
Pahang|69009|69000
Perak|30000|30000
Perak|30010|30000
Perak|30020|30000
Perak|30100|30000
Perak|30200|30000
Perak|30250|30000
Perak|30300|30000
Perak|30350|30000
Perak|30450|30000
Perak|30502|30000
Perak|30503|30000
Perak|30504|30000
Perak|30505|30000
Perak|30506|30000
Perak|30508|30000
Perak|30510|30000
Perak|30512|30000
Perak|30516|30000
Perak|30517|30000
Perak|30518|30000
Perak|30519|30000
Perak|30520|30000
Perak|30524|30000
Perak|30532|30000
Perak|30534|30000
Perak|30536|30000
Perak|30540|30000
Perak|30542|30000
Perak|30546|30000
Perak|30548|30000
Perak|30550|30000
Perak|30551|30000
Perak|30552|30000
Perak|30554|30000
Perak|30556|30000
Perak|30560|30000
Perak|30564|30000
Perak|30570|30000
Perak|30576|30000
Perak|30580|30000
Perak|30582|30000
Perak|30586|30000
Perak|30590|30000
Perak|30592|30000
Perak|30594|30000
Perak|30596|30000
Perak|30600|30000
Perak|30604|30000
Perak|30606|30000
Perak|30609|30000
Perak|30610|30000
Perak|30612|30000
Perak|30614|30000
Perak|30620|30000
Perak|30621|30000
Perak|30622|30000
Perak|30626|30000
Perak|30628|30000
Perak|30630|30000
Perak|30632|30000
Perak|30634|30000
Perak|30644|30000
Perak|30646|30000
Perak|30648|30000
Perak|30656|30000
Perak|30658|30000
Perak|30660|30000
Perak|30662|30000
Perak|30664|30000
Perak|30668|30000
Perak|30670|30000
Perak|30673|30000
Perak|30674|30000
Perak|30676|30000
Perak|30690|30000
Perak|30700|30000
Perak|30710|30000
Perak|30720|30000
Perak|30730|30000
Perak|30740|30000
Perak|30750|30000
Perak|30760|30000
Perak|30770|30000
Perak|30780|30000
Perak|30790|30000
Perak|30800|30000
Perak|30810|30000
Perak|30820|30000
Perak|30830|30000
Perak|30840|30000
Perak|30900|30000
Perak|30902|30000
Perak|30904|30000
Perak|30906|30000
Perak|30908|30000
Perak|30910|30000
Perak|30912|30000
Perak|30988|30000
Perak|30990|30000
Perak|31000|31000
Perak|31007|31000
Perak|31009|31000
Perak|31050|31100
Perak|31100|31100
Perak|31150|31150
Perak|31200|31200
Perak|31250|31250
Perak|31300|31300
Perak|31350|30000
Perak|31400|30000
Perak|31407|30000
Perak|31409|30000
Perak|31450|30000
Perak|31500|30000
Perak|31550|31550
Perak|31560|31550
Perak|31600|31600
Perak|31610|31600
Perak|31650|30000
Perak|31700|31700
Perak|31750|31750
Perak|31800|31800
Perak|31850|31850
Perak|31900|31900
Perak|31907|31900
Perak|31909|31900
Perak|31910|31900
Perak|31950|31900
Perak|32000|32000
Perak|32040|32040
Perak|32100|32100
Perak|32200|32200
Perak|32300|32300
Perak|32400|32400
Perak|32407|32400
Perak|32500|32500
Perak|32600|32600
Perak|32610|32610
Perak|32700|32700
Perak|32800|32800
Perak|32900|32900
Perak|33000|33000
Perak|33007|33000
Perak|33009|33000
Perak|33020|33000
Perak|33100|33100
Perak|33300|33300
Perak|33307|33300
Perak|33320|33300
Perak|33400|33400
Perak|33420|33400
Perak|33500|33500
Perak|33600|33600
Perak|33700|33700
Perak|33800|33800
Perak|34000|34000
Perak|34007|34000
Perak|34008|34000
Perak|34009|34000
Perak|34100|34100
Perak|34140|34140
Perak|34200|34200
Perak|34250|34250
Perak|34300|34300
Perak|34307|34300
Perak|34310|34300
Perak|34350|34350
Perak|34400|34400
Perak|34500|34500
Perak|34510|34500
Perak|34600|34600
Perak|34607|34600
Perak|34650|34650
Perak|34700|34700
Perak|34750|34700
Perak|34800|34800
Perak|34850|34850
Perak|34900|34900
Perak|35000|35000
Perak|35007|35000
Perak|35009|35000
Perak|35300|35300
Perak|35350|35350
Perak|35400|35400
Perak|35500|35500
Perak|35507|35500
Perak|35600|35600
Perak|35800|35800
Perak|35900|35900
Perak|35907|35900
Perak|35909|35900
Perak|35950|35950
Perak|36000|36000
Perak|36007|36000
Perak|36008|36000
Perak|36009|36000
Perak|36020|36000
Perak|36100|36100
Perak|36110|36000
Perak|36200|36200
Perak|36207|36200
Perak|36209|36200
Perak|36300|36300
Perak|36307|36300
Perak|36309|36300
Perak|36400|36400
Perak|36500|35800
Perak|36600|36600
Perak|36700|36700
Perak|36750|36700
Perak|36800|36800
Perlis|01000|01000
Perlis|01007|01000
Perlis|01009|01000
Perlis|01500|01000
Perlis|01502|01000
Perlis|01503|01000
Perlis|01504|01000
Perlis|01505|01000
Perlis|01506|01000
Perlis|01508|01000
Perlis|01512|01000
Perlis|01514|01000
Perlis|01516|01000
Perlis|01517|01000
Perlis|01518|01000
Perlis|01524|01000
Perlis|01529|01000
Perlis|01532|01000
Perlis|01538|01000
Perlis|01540|01000
Perlis|01542|01000
Perlis|01546|01000
Perlis|01550|01000
Perlis|01551|01000
Perlis|01556|01000
Perlis|01560|01000
Perlis|01564|01000
Perlis|01570|01000
Perlis|01572|01000
Perlis|01576|01000
Perlis|01578|01000
Perlis|01582|01000
Perlis|01586|01000
Perlis|01590|01000
Perlis|01592|01000
Perlis|01594|01000
Perlis|01596|01000
Perlis|01598|01000
Perlis|01600|01000
Perlis|01604|01000
Perlis|01606|01000
Perlis|01608|01000
Perlis|01609|01000
Perlis|01610|01000
Perlis|01612|01000
Perlis|01614|01000
Perlis|01620|01000
Perlis|01622|01000
Perlis|01626|01000
Perlis|01628|01000
Perlis|01630|01000
Perlis|01632|01000
Perlis|01634|01000
Perlis|01644|01000
Perlis|01646|01000
Perlis|01648|01000
Perlis|01660|01000
Perlis|01664|01000
Perlis|01670|01000
Perlis|01672|01000
Perlis|01673|01000
Perlis|01674|01000
Perlis|01676|01000
Perlis|01680|01000
Perlis|01694|01000
Perlis|02000|02000
Perlis|02100|02100
Perlis|02200|02200
Perlis|02400|01000
Perlis|02450|01000
Perlis|02500|01000
Perlis|02600|02600
Perlis|02607|02600
Perlis|02609|02600
Perlis|02700|02700
Perlis|02707|02700
Perlis|02709|02700
Perlis|02800|02700
Pulau Pinang|10000|10000
Pulau Pinang|10050|10000
Pulau Pinang|10100|10000
Pulau Pinang|10150|10000
Pulau Pinang|10200|10000
Pulau Pinang|10250|10000
Pulau Pinang|10300|10000
Pulau Pinang|10350|10000
Pulau Pinang|10400|10000
Pulau Pinang|10450|10000
Pulau Pinang|10460|10000
Pulau Pinang|10470|10000
Pulau Pinang|10500|10000
Pulau Pinang|10502|10000
Pulau Pinang|10503|10000
Pulau Pinang|10504|10000
Pulau Pinang|10505|10000
Pulau Pinang|10506|10000
Pulau Pinang|10508|10000
Pulau Pinang|10512|10000
Pulau Pinang|10514|10000
Pulau Pinang|10516|10000
Pulau Pinang|10518|10000
Pulau Pinang|10524|10000
Pulau Pinang|10534|10000
Pulau Pinang|10538|10000
Pulau Pinang|10540|10000
Pulau Pinang|10542|10000
Pulau Pinang|10546|10000
Pulau Pinang|10550|10000
Pulau Pinang|10551|10000
Pulau Pinang|10552|10000
Pulau Pinang|10558|10000
Pulau Pinang|10560|10000
Pulau Pinang|10564|10000
Pulau Pinang|10566|10000
Pulau Pinang|10570|10000
Pulau Pinang|10576|10000
Pulau Pinang|10578|10000
Pulau Pinang|10582|10000
Pulau Pinang|10590|10000
Pulau Pinang|10592|10000
Pulau Pinang|10593|10000
Pulau Pinang|10594|10000
Pulau Pinang|10596|10000
Pulau Pinang|10600|10000
Pulau Pinang|10604|10000
Pulau Pinang|10609|10000
Pulau Pinang|10610|10000
Pulau Pinang|10612|10000
Pulau Pinang|10620|10000
Pulau Pinang|10622|10000
Pulau Pinang|10626|10000
Pulau Pinang|10628|10000
Pulau Pinang|10634|10000
Pulau Pinang|10646|10000
Pulau Pinang|10648|10000
Pulau Pinang|10660|10000
Pulau Pinang|10661|10000
Pulau Pinang|10662|10000
Pulau Pinang|10670|10000
Pulau Pinang|10672|10000
Pulau Pinang|10673|10000
Pulau Pinang|10674|10000
Pulau Pinang|10676|10000
Pulau Pinang|10690|10000
Pulau Pinang|10700|10000
Pulau Pinang|10710|10000
Pulau Pinang|10720|10000
Pulau Pinang|10730|10000
Pulau Pinang|10740|10000
Pulau Pinang|10750|10000
Pulau Pinang|10760|10000
Pulau Pinang|10770|10000
Pulau Pinang|10780|10000
Pulau Pinang|10790|10000
Pulau Pinang|10800|10000
Pulau Pinang|10810|10000
Pulau Pinang|10820|10000
Pulau Pinang|10830|10000
Pulau Pinang|10840|10000
Pulau Pinang|10850|10000
Pulau Pinang|10910|10000
Pulau Pinang|10920|10000
Pulau Pinang|10990|10000
Pulau Pinang|11000|11000
Pulau Pinang|11010|11000
Pulau Pinang|11020|11000
Pulau Pinang|11050|10000
Pulau Pinang|11060|10000
Pulau Pinang|11100|11100
Pulau Pinang|11200|11200
Pulau Pinang|11300|11300
Pulau Pinang|11400|10000
Pulau Pinang|11409|10000
Pulau Pinang|11500|11500
Pulau Pinang|11600|11600
Pulau Pinang|11609|11600
Pulau Pinang|11700|11700
Pulau Pinang|11800|11800
Pulau Pinang|11900|11900
Pulau Pinang|11910|11900
Pulau Pinang|11920|11900
Pulau Pinang|11950|11900
Pulau Pinang|11960|11960
Pulau Pinang|12000|12000
Pulau Pinang|12100|12000
Pulau Pinang|12200|12000
Pulau Pinang|12300|12000
Pulau Pinang|12700|12000
Pulau Pinang|12710|12000
Pulau Pinang|12720|12000
Pulau Pinang|12990|12000
Pulau Pinang|13000|12000
Pulau Pinang|13009|12000
Pulau Pinang|13020|12000
Pulau Pinang|13050|12000
Pulau Pinang|13100|13100
Pulau Pinang|13110|13100
Pulau Pinang|13200|13200
Pulau Pinang|13210|13200
Pulau Pinang|13220|13200
Pulau Pinang|13300|13300
Pulau Pinang|13310|13300
Pulau Pinang|13400|12000
Pulau Pinang|13409|12000
Pulau Pinang|13500|13500
Pulau Pinang|13600|13600
Pulau Pinang|13700|13600
Pulau Pinang|13800|12000
Pulau Pinang|14000|14000
Pulau Pinang|14007|14000
Pulau Pinang|14009|14000
Pulau Pinang|14020|14000
Pulau Pinang|14100|14100
Pulau Pinang|14110|14100
Pulau Pinang|14120|14100
Pulau Pinang|14200|14200
Pulau Pinang|14300|14300
Pulau Pinang|14310|14300
Pulau Pinang|14320|14300
Pulau Pinang|14400|14400
Sabah|88000|88000
Sabah|88100|88000
Sabah|88200|88000
Sabah|88300|88000
Sabah|88400|88000
Sabah|88450|88000
Sabah|88460|88000
Sabah|88500|88000
Sabah|88502|88000
Sabah|88504|88000
Sabah|88505|88000
Sabah|88506|88000
Sabah|88508|88000
Sabah|88510|88000
Sabah|88512|88000
Sabah|88514|88000
Sabah|88516|88000
Sabah|88518|88000
Sabah|88520|88000
Sabah|88526|88000
Sabah|88527|88000
Sabah|88532|88000
Sabah|88534|88000
Sabah|88538|88000
Sabah|88540|88000
Sabah|88546|88000
Sabah|88550|88000
Sabah|88551|88000
Sabah|88552|88000
Sabah|88554|88000
Sabah|88556|88000
Sabah|88558|88000
Sabah|88560|88000
Sabah|88564|88000
Sabah|88566|88000
Sabah|88568|88000
Sabah|88570|88000
Sabah|88572|88000
Sabah|88576|88000
Sabah|88580|88000
Sabah|88582|88000
Sabah|88586|88000
Sabah|88590|88000
Sabah|88592|88000
Sabah|88594|88000
Sabah|88596|88000
Sabah|88598|88000
Sabah|88600|88000
Sabah|88604|88000
Sabah|88606|88000
Sabah|88608|88000
Sabah|88609|88000
Sabah|88612|88000
Sabah|88614|88000
Sabah|88617|88000
Sabah|88618|88000
Sabah|88620|88000
Sabah|88621|88000
Sabah|88622|88000
Sabah|88624|88000
Sabah|88626|88000
Sabah|88630|88000
Sabah|88632|88000
Sabah|88634|88000
Sabah|88644|88000
Sabah|88646|88000
Sabah|88648|88000
Sabah|88656|88000
Sabah|88662|88000
Sabah|88670|88000
Sabah|88672|88000
Sabah|88673|88000
Sabah|88675|88000
Sabah|88676|88000
Sabah|88680|88000
Sabah|88690|88000
Sabah|88700|88700
Sabah|88721|88721
Sabah|88722|88721
Sabah|88723|88721
Sabah|88724|88721
Sabah|88725|88721
Sabah|88757|88000
Sabah|88758|88000
Sabah|88759|88000
Sabah|88760|88000
Sabah|88761|88000
Sabah|88762|88000
Sabah|88763|88000
Sabah|88764|88000
Sabah|88765|88000
Sabah|88766|88000
Sabah|88767|88000
Sabah|88768|88000
Sabah|88769|88000
Sabah|88770|88000
Sabah|88771|88000
Sabah|88772|88000
Sabah|88773|88000
Sabah|88774|88000
Sabah|88775|88000
Sabah|88776|88000
Sabah|88777|88000
Sabah|88778|88000
Sabah|88779|88000
Sabah|88780|88000
Sabah|88781|88000
Sabah|88782|88000
Sabah|88783|88000
Sabah|88784|88000
Sabah|88785|88000
Sabah|88786|88000
Sabah|88787|88000
Sabah|88788|88000
Sabah|88789|88000
Sabah|88790|88000
Sabah|88800|88000
Sabah|88801|88000
Sabah|88802|88000
Sabah|88803|88000
Sabah|88804|88000
Sabah|88805|88000
Sabah|88806|88000
Sabah|88807|88000
Sabah|88808|88000
Sabah|88809|88000
Sabah|88810|88000
Sabah|88811|88000
Sabah|88812|88000
Sabah|88813|88000
Sabah|88814|88000
Sabah|88815|88000
Sabah|88816|88000
Sabah|88817|88000
Sabah|88818|88000
Sabah|88819|88000
Sabah|88820|88000
Sabah|88821|88000
Sabah|88822|88000
Sabah|88823|88000
Sabah|88824|88000
Sabah|88825|88000
Sabah|88826|88000
Sabah|88827|88000
Sabah|88828|88000
Sabah|88829|88000
Sabah|88830|88000
Sabah|88831|88000
Sabah|88832|88000
Sabah|88833|88000
Sabah|88834|88000
Sabah|88835|88000
Sabah|88836|88000
Sabah|88837|88000
Sabah|88838|88000
Sabah|88839|88000
Sabah|88840|88000
Sabah|88841|88000
Sabah|88842|88000
Sabah|88843|88000
Sabah|88844|88000
Sabah|88845|88000
Sabah|88846|88000
Sabah|88847|88000
Sabah|88848|88000
Sabah|88849|88000
Sabah|88850|88000
Sabah|88851|88000
Sabah|88852|88000
Sabah|88853|88000
Sabah|88854|88000
Sabah|88855|88000
Sabah|88856|88856
Sabah|88857|88857
Sabah|88858|88858
Sabah|88859|88858
Sabah|88860|88000
Sabah|88861|88000
Sabah|88862|88000
Sabah|88863|88000
Sabah|88864|88000
Sabah|88865|88000
Sabah|88866|88000
Sabah|88867|88000
Sabah|88868|88000
Sabah|88869|88000
Sabah|88870|88000
Sabah|88871|88000
Sabah|88872|88000
Sabah|88873|88000
Sabah|88874|88000
Sabah|88875|88000
Sabah|88900|88000
Sabah|88901|88000
Sabah|88902|88000
Sabah|88903|88000
Sabah|88904|88000
Sabah|88905|88000
Sabah|88906|88000
Sabah|88988|88000
Sabah|88990|88000
Sabah|88991|88000
Sabah|88992|88000
Sabah|88993|88000
Sabah|88994|88000
Sabah|88995|88000
Sabah|88996|88000
Sabah|88997|88000
Sabah|88998|88000
Sabah|88999|88000
Sabah|89000|89000
Sabah|89007|89000
Sabah|89008|89000
Sabah|89009|89000
Sabah|89050|89050
Sabah|89057|89050
Sabah|89058|89050
Sabah|89059|89050
Sabah|89100|89100
Sabah|89107|89100
Sabah|89108|89100
Sabah|89109|89100
Sabah|89130|89100
Sabah|89137|89100
Sabah|89138|89100
Sabah|89139|89100
Sabah|89150|89150
Sabah|89157|89150
Sabah|89158|89150
Sabah|89159|89150
Sabah|89200|89200
Sabah|89207|89200
Sabah|89208|89200
Sabah|89209|89200
Sabah|89250|89250
Sabah|89257|89250
Sabah|89258|89250
Sabah|89259|89250
Sabah|89260|89260
Sabah|89300|89300
Sabah|89307|89300
Sabah|89308|89300
Sabah|89309|89300
Sabah|89320|89300
Sabah|89327|89300
Sabah|89328|89300
Sabah|89329|89300
Sabah|89330|89300
Sabah|89337|89300
Sabah|89338|89300
Sabah|89339|89300
Sabah|89500|89500
Sabah|89507|89500
Sabah|89508|89500
Sabah|89509|89500
Sabah|89600|89600
Sabah|89607|89600
Sabah|89608|89600
Sabah|89609|89600
Sabah|89650|89650
Sabah|89657|89650
Sabah|89658|89650
Sabah|89659|89650
Sabah|89700|89700
Sabah|89707|89700
Sabah|89708|89700
Sabah|89709|89700
Sabah|89720|89720
Sabah|89727|89720
Sabah|89728|89720
Sabah|89729|89720
Sabah|89740|89740
Sabah|89747|89740
Sabah|89748|89740
Sabah|89749|89740
Sabah|89760|89760
Sabah|89767|89760
Sabah|89768|89760
Sabah|89769|89760
Sabah|89800|89800
Sabah|89807|89800
Sabah|89808|89800
Sabah|89809|89800
Sabah|89850|89850
Sabah|89857|89850
Sabah|89858|89850
Sabah|89859|89850
Sabah|89900|89900
Sabah|89907|89900
Sabah|89908|89900
Sabah|89909|89900
Sabah|89950|89950
Sabah|89957|89950
Sabah|89958|89950
Sabah|89959|89950
Sabah|90000|90000
Sabah|90008|90000
Sabah|90009|90000
Sabah|90100|90100
Sabah|90107|90100
Sabah|90108|90100
Sabah|90109|90100
Sabah|90200|90200
Sabah|90208|90200
Sabah|90300|90000
Sabah|90307|90000
Sabah|90308|90000
Sabah|90400|90100
Sabah|90508|90000
Sabah|90509|90000
Sabah|90700|90000
Sabah|90701|90000
Sabah|90702|90000
Sabah|90703|90000
Sabah|90704|90000
Sabah|90705|90000
Sabah|90706|90000
Sabah|90707|90000
Sabah|90708|90000
Sabah|90709|90000
Sabah|90710|90000
Sabah|90711|90000
Sabah|90712|90000
Sabah|90713|90000
Sabah|90714|90000
Sabah|90715|90000
Sabah|90716|90000
Sabah|90717|90000
Sabah|90718|90000
Sabah|90719|90000
Sabah|90720|90000
Sabah|90721|90000
Sabah|90722|90000
Sabah|90723|90000
Sabah|90724|90000
Sabah|90725|90000
Sabah|90726|90000
Sabah|90727|90000
Sabah|90728|90000
Sabah|90729|90000
Sabah|90730|90000
Sabah|90731|90000
Sabah|90732|90000
Sabah|90733|90000
Sabah|90734|90000
Sabah|90735|90000
Sabah|90736|90000
Sabah|90737|90000
Sabah|90738|90000
Sabah|90739|90000
Sabah|90740|90000
Sabah|90741|90000
Sabah|91000|91000
Sabah|91007|91000
Sabah|91008|91000
Sabah|91009|91000
Sabah|91010|91000
Sabah|91011|91000
Sabah|91012|91000
Sabah|91013|91000
Sabah|91014|91000
Sabah|91015|91000
Sabah|91016|91000
Sabah|91017|91000
Sabah|91018|91000
Sabah|91019|91000
Sabah|91020|91000
Sabah|91021|91000
Sabah|91022|91000
Sabah|91023|91000
Sabah|91024|91000
Sabah|91025|91000
Sabah|91026|91000
Sabah|91027|91000
Sabah|91028|91000
Sabah|91029|91000
Sabah|91030|91000
Sabah|91031|91000
Sabah|91032|91000
Sabah|91033|91000
Sabah|91034|91000
Sabah|91035|91000
Sabah|91036|91000
Sabah|91037|91000
Sabah|91038|91000
Sabah|91039|91000
Sabah|91040|91000
Sabah|91041|91000
Sabah|91042|91000
Sabah|91043|91000
Sabah|91044|91000
Sabah|91045|91000
Sabah|91046|91000
Sabah|91047|91000
Sabah|91048|91000
Sabah|91049|91000
Sabah|91050|91000
Sabah|91051|91000
Sabah|91052|91000
Sabah|91053|91000
Sabah|91054|91000
Sabah|91055|91000
Sabah|91056|91000
Sabah|91100|91100
Sabah|91107|91100
Sabah|91109|91100
Sabah|91110|91100
Sabah|91111|91100
Sabah|91112|91100
Sabah|91113|91100
Sabah|91114|91100
Sabah|91115|91100
Sabah|91116|91100
Sabah|91117|91100
Sabah|91118|91100
Sabah|91119|91100
Sabah|91120|91100
Sabah|91121|91100
Sabah|91122|91100
Sabah|91123|91100
Sabah|91124|91100
Sabah|91125|91100
Sabah|91126|91100
Sabah|91127|91100
Sabah|91128|91100
Sabah|91150|91100
Sabah|91200|91200
Sabah|91207|91200
Sabah|91208|91200
Sabah|91209|91200
Sabah|91300|91300
Sabah|91307|91300
Sabah|91308|91300
Sabah|91309|91300
Sarawak|93000|93000
Sarawak|93010|93000
Sarawak|93050|93000
Sarawak|93100|93000
Sarawak|93107|93000
Sarawak|93150|93000
Sarawak|93200|93000
Sarawak|93250|93000
Sarawak|93257|93000
Sarawak|93300|93000
Sarawak|93307|93000
Sarawak|93350|93000
Sarawak|93400|93000
Sarawak|93407|93000
Sarawak|93450|93000
Sarawak|93457|93000
Sarawak|93500|93000
Sarawak|93501|93000
Sarawak|93502|93000
Sarawak|93503|93000
Sarawak|93504|93000
Sarawak|93505|93000
Sarawak|93506|93000
Sarawak|93507|93000
Sarawak|93508|93000
Sarawak|93514|93000
Sarawak|93516|93000
Sarawak|93517|93000
Sarawak|93518|93000
Sarawak|93519|93000
Sarawak|93520|93000
Sarawak|93527|93000
Sarawak|93529|93000
Sarawak|93532|93000
Sarawak|93540|93000
Sarawak|93550|93000
Sarawak|93551|93000
Sarawak|93552|93000
Sarawak|93554|93000
Sarawak|93556|93000
Sarawak|93558|93000
Sarawak|93560|93000
Sarawak|93564|93000
Sarawak|93566|93000
Sarawak|93570|93000
Sarawak|93572|93000
Sarawak|93576|93000
Sarawak|93578|93000
Sarawak|93582|93000
Sarawak|93586|93000
Sarawak|93590|93000
Sarawak|93592|93000
Sarawak|93594|93000
Sarawak|93596|93000
Sarawak|93600|93000
Sarawak|93601|93000
Sarawak|93604|93000
Sarawak|93606|93000
Sarawak|93608|93000
Sarawak|93609|93000
Sarawak|93610|93000
Sarawak|93612|93000
Sarawak|93614|93000
Sarawak|93618|93000
Sarawak|93619|93000
Sarawak|93620|93000
Sarawak|93626|93000
Sarawak|93628|93000
Sarawak|93632|93000
Sarawak|93634|93000
Sarawak|93648|93000
Sarawak|93658|93000
Sarawak|93660|93000
Sarawak|93661|93000
Sarawak|93662|93000
Sarawak|93668|93000
Sarawak|93670|93000
Sarawak|93672|93000
Sarawak|93675|93000
Sarawak|93677|93000
Sarawak|93690|93000
Sarawak|93694|93000
Sarawak|93700|93000
Sarawak|93702|93000
Sarawak|93704|93000
Sarawak|93706|93000
Sarawak|93708|93000
Sarawak|93710|93000
Sarawak|93712|93000
Sarawak|93714|93000
Sarawak|93716|93000
Sarawak|93718|93000
Sarawak|93720|93000
Sarawak|93722|93000
Sarawak|93724|93000
Sarawak|93726|93000
Sarawak|93728|93000
Sarawak|93730|93000
Sarawak|93732|93000
Sarawak|93734|93000
Sarawak|93736|93000
Sarawak|93738|93000
Sarawak|93740|93000
Sarawak|93742|93000
Sarawak|93744|93000
Sarawak|93746|93000
Sarawak|93748|93000
Sarawak|93750|93000
Sarawak|93752|93000
Sarawak|93754|93000
Sarawak|93756|93000
Sarawak|93758|93000
Sarawak|93760|93000
Sarawak|93762|93000
Sarawak|93764|93000
Sarawak|93900|93000
Sarawak|93902|93000
Sarawak|93904|93000
Sarawak|93906|93000
Sarawak|93908|93000
Sarawak|93910|93000
Sarawak|93912|93000
Sarawak|93914|93000
Sarawak|93916|93000
Sarawak|93990|93000
Sarawak|94000|94000
Sarawak|94007|94000
Sarawak|94009|94000
Sarawak|94111|94500
Sarawak|94200|94200
Sarawak|94300|94300
Sarawak|94500|94500
Sarawak|94507|94500
Sarawak|94509|94500
Sarawak|94600|94600
Sarawak|94607|94600
Sarawak|94650|94650
Sarawak|94700|94700
Sarawak|94707|94700
Sarawak|94709|94700
Sarawak|94750|94700
Sarawak|94760|94700
Sarawak|94800|94800
Sarawak|94807|94800
Sarawak|94809|94800
Sarawak|94850|94850
Sarawak|94900|94900
Sarawak|94950|94950
Sarawak|95000|95000
Sarawak|95007|95000
Sarawak|95008|95000
Sarawak|95009|95000
Sarawak|95300|95300
Sarawak|95400|95400
Sarawak|95407|95400
Sarawak|95409|95400
Sarawak|95500|95500
Sarawak|95600|95600
Sarawak|95700|95700
Sarawak|95707|95700
Sarawak|95709|95700
Sarawak|95800|95800
Sarawak|95807|95800
Sarawak|95900|95900
Sarawak|96000|96000
Sarawak|96007|96000
Sarawak|96008|96000
Sarawak|96009|96000
Sarawak|96010|96000
Sarawak|96100|96100
Sarawak|96107|96100
Sarawak|96108|96100
Sarawak|96109|96100
Sarawak|96150|96150
Sarawak|96200|96200
Sarawak|96250|96250
Sarawak|96300|96300
Sarawak|96307|96300
Sarawak|96309|96300
Sarawak|96350|96350
Sarawak|96400|96400
Sarawak|96407|96400
Sarawak|96410|96400
Sarawak|96500|96500
Sarawak|96507|96500
Sarawak|96508|96500
Sarawak|96509|96500
Sarawak|96510|95400
Sarawak|96600|96600
Sarawak|96609|96600
Sarawak|96700|96700
Sarawak|96707|96700
Sarawak|96709|96700
Sarawak|96800|96800
Sarawak|96807|96800
Sarawak|96809|96800
Sarawak|96850|96850
Sarawak|96857|96850
Sarawak|96900|96900
Sarawak|96950|96900
Sarawak|97000|97000
Sarawak|97007|97000
Sarawak|97008|97000
Sarawak|97009|97000
Sarawak|97010|97000
Sarawak|97011|97000
Sarawak|97012|97000
Sarawak|97013|97000
Sarawak|97014|97000
Sarawak|97015|97000
Sarawak|97100|97100
Sarawak|97200|97200
Sarawak|97300|97000
Sarawak|97307|97000
Sarawak|98000|98000
Sarawak|98007|98000
Sarawak|98008|98000
Sarawak|98009|98000
Sarawak|98050|98050
Sarawak|98057|98050
Sarawak|98058|98050
Sarawak|98059|98050
Sarawak|98060|98050
Sarawak|98070|98000
Sarawak|98100|98100
Sarawak|98107|98100
Sarawak|98109|98100
Sarawak|98150|98150
Sarawak|98157|98150
Sarawak|98159|98150
Sarawak|98200|98200
Sarawak|98207|98200
Sarawak|98300|98300
Sarawak|98700|98700
Sarawak|98707|98700
Sarawak|98708|98700
Sarawak|98709|98700
Sarawak|98750|98700
Sarawak|98800|98800
Sarawak|98850|98800
Sarawak|98857|98800
Sarawak|98859|98800
Selangor|40000|40000
Selangor|40100|40000
Selangor|40150|40000
Selangor|40160|40000
Selangor|40170|40000
Selangor|40200|40000
Selangor|40300|40000
Selangor|40400|40000
Selangor|40450|40000
Selangor|40460|40000
Selangor|40470|40000
Selangor|40500|40000
Selangor|40502|40000
Selangor|40503|40000
Selangor|40504|40000
Selangor|40505|40000
Selangor|40512|40000
Selangor|40517|40000
Selangor|40520|40000
Selangor|40529|40000
Selangor|40542|40000
Selangor|40548|40000
Selangor|40550|40000
Selangor|40551|40000
Selangor|40560|40000
Selangor|40564|40000
Selangor|40570|40000
Selangor|40572|40000
Selangor|40576|40000
Selangor|40578|40000
Selangor|40582|40000
Selangor|40590|40000
Selangor|40592|40000
Selangor|40594|40000
Selangor|40596|40000
Selangor|40598|40000
Selangor|40604|40000
Selangor|40607|40000
Selangor|40608|40000
Selangor|40610|40000
Selangor|40612|40000
Selangor|40620|40000
Selangor|40622|40000
Selangor|40626|40000
Selangor|40632|40000
Selangor|40646|40000
Selangor|40648|40000
Selangor|40660|40000
Selangor|40664|40000
Selangor|40670|40000
Selangor|40672|40000
Selangor|40673|40000
Selangor|40674|40000
Selangor|40675|40000
Selangor|40676|40000
Selangor|40680|40000
Selangor|40690|40000
Selangor|40700|40000
Selangor|40702|40000
Selangor|40704|40000
Selangor|40706|40000
Selangor|40708|40000
Selangor|40710|40000
Selangor|40712|40000
Selangor|40714|40000
Selangor|40716|40000
Selangor|40718|40000
Selangor|40720|40000
Selangor|40722|40000
Selangor|40724|40000
Selangor|40726|40000
Selangor|40728|40000
Selangor|40730|40000
Selangor|40732|40000
Selangor|40800|40000
Selangor|40802|40000
Selangor|40804|40000
Selangor|40806|40000
Selangor|40808|40000
Selangor|40810|40000
Selangor|40990|40000
Selangor|41000|41000
Selangor|41050|41000
Selangor|41100|41000
Selangor|41150|41000
Selangor|41200|41000
Selangor|41250|41000
Selangor|41300|41000
Selangor|41400|41000
Selangor|41506|41000
Selangor|41560|41000
Selangor|41586|41000
Selangor|41672|41000
Selangor|41700|41000
Selangor|41710|41000
Selangor|41720|41000
Selangor|41900|41000
Selangor|41902|41000
Selangor|41904|41000
Selangor|41906|41000
Selangor|41908|41000
Selangor|41910|41000
Selangor|41912|41000
Selangor|41914|41000
Selangor|41916|41000
Selangor|41918|41000
Selangor|41990|41000
Selangor|42000|42000
Selangor|42009|42000
Selangor|42100|41000
Selangor|42200|42200
Selangor|42300|42300
Selangor|42500|42500
Selangor|42507|42500
Selangor|42509|42500
Selangor|42600|42600
Selangor|42610|42600
Selangor|42700|42700
Selangor|42800|42800
Selangor|42920|42920
Selangor|42940|42940
Selangor|42960|42960
Selangor|43000|43000
Selangor|43007|43000
Selangor|43009|43000
Selangor|43100|43100
Selangor|43200|43200
Selangor|43207|46300
Selangor|43300|43300
Selangor|43400|43400
Selangor|43500|43500
Selangor|43558|43000
Selangor|43600|43600
Selangor|43650|43600
Selangor|43657|43600
Selangor|43659|43600
Selangor|43700|43700
Selangor|43800|63000
Selangor|43807|63000
Selangor|43900|43900
Selangor|43950|43950
Selangor|44000|44000
Selangor|44010|44000
Selangor|44020|44000
Selangor|44100|44000
Selangor|44110|44000
Selangor|44200|44200
Selangor|44300|44300
Selangor|45000|45000
Selangor|45100|45100
Selangor|45200|45200
Selangor|45207|45200
Selangor|45300|45300
Selangor|45400|45400
Selangor|45500|45500
Selangor|45507|45500
Selangor|45600|45600
Selangor|45607|45600
Selangor|45609|45600
Selangor|45620|45600
Selangor|45700|45700
Selangor|45800|45800
Selangor|46000|46000
Selangor|46050|46000
Selangor|46100|46000
Selangor|46150|46150
Selangor|46200|46000
Selangor|46300|46300
Selangor|46350|46300
Selangor|46400|46000
Selangor|46506|46300
Selangor|46547|46300
Selangor|46549|46300
Selangor|46551|46300
Selangor|46564|46300
Selangor|46582|46300
Selangor|46598|46300
Selangor|46662|46300
Selangor|46667|46300
Selangor|46668|46300
Selangor|46672|46300
Selangor|46675|46300
Selangor|46700|46300
Selangor|46710|46300
Selangor|46720|46300
Selangor|46730|46300
Selangor|46740|46300
Selangor|46750|46300
Selangor|46760|46300
Selangor|46770|46300
Selangor|46780|46300
Selangor|46781|46300
Selangor|46782|46300
Selangor|46783|46300
Selangor|46784|46300
Selangor|46785|46300
Selangor|46786|46300
Selangor|46787|46300
Selangor|46788|46300
Selangor|46789|46300
Selangor|46790|46300
Selangor|46791|46300
Selangor|46792|46300
Selangor|46793|46300
Selangor|46794|46300
Selangor|46795|46300
Selangor|46796|46300
Selangor|46797|46300
Selangor|46798|46300
Selangor|46799|46300
Selangor|46800|46300
Selangor|46801|46300
Selangor|46802|46300
Selangor|46803|46300
Selangor|46804|46300
Selangor|46805|46300
Selangor|46806|46300
Selangor|46860|46300
Selangor|46870|46300
Selangor|46960|46300
Selangor|46962|46300
Selangor|46964|46300
Selangor|46966|46300
Selangor|46968|46300
Selangor|46970|46300
Selangor|46972|46300
Selangor|46974|46300
Selangor|46976|46300
Selangor|46978|46300
Selangor|47000|47000
Selangor|47100|47100
Selangor|47107|47100
Selangor|47109|47100
Selangor|47110|47100
Selangor|47120|47100
Selangor|47130|47100
Selangor|47140|47100
Selangor|47150|47100
Selangor|47160|47100
Selangor|47170|47100
Selangor|47180|47100
Selangor|47190|47100
Selangor|47200|47200
Selangor|47300|46000
Selangor|47301|46000
Selangor|47307|46300
Selangor|47400|46000
Selangor|47410|46000
Selangor|47500|47200
Selangor|47507|47200
Selangor|47600|47200
Selangor|47610|47200
Selangor|47620|47200
Selangor|47630|47200
Selangor|47640|47200
Selangor|47650|47200
Selangor|47800|46000
Selangor|47810|46000
Selangor|47820|46300
Selangor|47830|46000
Selangor|48000|48000
Selangor|48010|48000
Selangor|48020|48000
Selangor|48050|48000
Selangor|48100|48100
Selangor|48200|48200
Selangor|48300|48000
Selangor|63000|63000
Selangor|63100|63000
Selangor|64000|64000
Selangor|68000|68000
Selangor|68100|68100
Terengganu|20000|20000
Terengganu|20050|20000
Terengganu|20100|20000
Terengganu|20200|20000
Terengganu|20300|20000
Terengganu|20400|20000
Terengganu|20500|20000
Terengganu|20502|20000
Terengganu|20503|20000
Terengganu|20504|20000
Terengganu|20505|20000
Terengganu|20506|20000
Terengganu|20508|20000
Terengganu|20512|20000
Terengganu|20514|20000
Terengganu|20516|20000
Terengganu|20517|20000
Terengganu|20518|20000
Terengganu|20519|20000
Terengganu|20520|20000
Terengganu|20532|20000
Terengganu|20534|20000
Terengganu|20536|20000
Terengganu|20538|20000
Terengganu|20540|20000
Terengganu|20542|20000
Terengganu|20546|20000
Terengganu|20548|20000
Terengganu|20550|20000
Terengganu|20551|20000
Terengganu|20552|20000
Terengganu|20554|20000
Terengganu|20556|20000
Terengganu|20560|20000
Terengganu|20564|20000
Terengganu|20566|20000
Terengganu|20568|20000
Terengganu|20570|20000
Terengganu|20572|20000
Terengganu|20576|20000
Terengganu|20578|20000
Terengganu|20582|20000
Terengganu|20586|20000
Terengganu|20590|20000
Terengganu|20592|20000
Terengganu|20594|20000
Terengganu|20596|20000
Terengganu|20598|20000
Terengganu|20600|20000
Terengganu|20604|20000
Terengganu|20606|20000
Terengganu|20608|20000
Terengganu|20609|20000
Terengganu|20610|20000
Terengganu|20612|20000
Terengganu|20614|20000
Terengganu|20618|20000
Terengganu|20620|20000
Terengganu|20622|20000
Terengganu|20626|20000
Terengganu|20628|20000
Terengganu|20630|20000
Terengganu|20632|20000
Terengganu|20646|20000
Terengganu|20648|20000
Terengganu|20656|20000
Terengganu|20658|20000
Terengganu|20660|20000
Terengganu|20661|20000
Terengganu|20662|20000
Terengganu|20664|20000
Terengganu|20668|20000
Terengganu|20670|20000
Terengganu|20672|20000
Terengganu|20673|20000
Terengganu|20674|20000
Terengganu|20675|20000
Terengganu|20676|20000
Terengganu|20680|20000
Terengganu|20690|20000
Terengganu|20698|20000
Terengganu|20700|20000
Terengganu|20710|20000
Terengganu|20720|20000
Terengganu|20900|20000
Terengganu|20902|20000
Terengganu|20904|20000
Terengganu|20906|20000
Terengganu|20908|20000
Terengganu|20910|20000
Terengganu|20912|20000
Terengganu|20914|20000
Terengganu|20916|20000
Terengganu|20918|20000
Terengganu|20920|20000
Terengganu|20922|20000
Terengganu|20924|20000
Terengganu|20926|20000
Terengganu|20928|20000
Terengganu|20930|20000
Terengganu|20990|20000
Terengganu|21000|20000
Terengganu|21009|20000
Terengganu|21010|20000
Terengganu|21020|20000
Terengganu|21030|20000
Terengganu|21040|20000
Terengganu|21060|20000
Terengganu|21070|20000
Terengganu|21080|20000
Terengganu|21090|20000
Terengganu|21100|20000
Terengganu|21109|20000
Terengganu|21200|20000
Terengganu|21209|20000
Terengganu|21300|20000
Terengganu|21309|20000
Terengganu|21400|21400
Terengganu|21450|21450
Terengganu|21500|21500
Terengganu|21600|21600
Terengganu|21700|21700
Terengganu|21800|21800
Terengganu|21810|21800
Terengganu|22000|22000
Terengganu|22020|22000
Terengganu|22100|22100
Terengganu|22107|22100
Terengganu|22109|22100
Terengganu|22200|22200
Terengganu|22300|22300
Terengganu|22307|22300
Terengganu|22309|22300
Terengganu|23000|23000
Terengganu|23007|23000
Terengganu|23009|23000
Terengganu|23050|23000
Terengganu|23100|23100
Terengganu|23200|23200
Terengganu|23300|23300
Terengganu|23400|23400
Terengganu|24000|24000
Terengganu|24007|24060
Terengganu|24009|24060
Terengganu|24050|24050
Terengganu|24060|24060
Terengganu|24100|24100
Terengganu|24107|24100
Terengganu|24109|24100
Terengganu|24200|24200
Terengganu|24207|24200
Terengganu|24209|24200
Terengganu|24300|24300
WP Kuala Lumpur|50000|50000
WP Kuala Lumpur|50050|50000
WP Kuala Lumpur|50088|50000
WP Kuala Lumpur|50100|50000
WP Kuala Lumpur|50150|50000
WP Kuala Lumpur|50200|50000
WP Kuala Lumpur|50250|50000
WP Kuala Lumpur|50300|50000
WP Kuala Lumpur|50350|50000
WP Kuala Lumpur|50400|50000
WP Kuala Lumpur|50450|50000
WP Kuala Lumpur|50460|50000
WP Kuala Lumpur|50470|50000
WP Kuala Lumpur|50480|50000
WP Kuala Lumpur|50490|50000
WP Kuala Lumpur|50500|50000
WP Kuala Lumpur|50502|50000
WP Kuala Lumpur|50504|50000
WP Kuala Lumpur|50505|50000
WP Kuala Lumpur|50506|50000
WP Kuala Lumpur|50507|50000
WP Kuala Lumpur|50508|50000
WP Kuala Lumpur|50510|50000
WP Kuala Lumpur|50512|50000
WP Kuala Lumpur|50514|50000
WP Kuala Lumpur|50515|50000
WP Kuala Lumpur|50519|50000
WP Kuala Lumpur|50530|50000
WP Kuala Lumpur|50532|50000
WP Kuala Lumpur|50534|50000
WP Kuala Lumpur|50536|50000
WP Kuala Lumpur|50538|50000
WP Kuala Lumpur|50544|50000
WP Kuala Lumpur|50546|50000
WP Kuala Lumpur|50548|50000
WP Kuala Lumpur|50550|50000
WP Kuala Lumpur|50551|50000
WP Kuala Lumpur|50552|50000
WP Kuala Lumpur|50554|50000
WP Kuala Lumpur|50556|50000
WP Kuala Lumpur|50560|50000
WP Kuala Lumpur|50562|50000
WP Kuala Lumpur|50564|50000
WP Kuala Lumpur|50566|50000
WP Kuala Lumpur|50568|50000
WP Kuala Lumpur|50572|50000
WP Kuala Lumpur|50578|50000
WP Kuala Lumpur|50580|50000
WP Kuala Lumpur|50582|50000
WP Kuala Lumpur|50586|50000
WP Kuala Lumpur|50588|50000
WP Kuala Lumpur|50590|50000
WP Kuala Lumpur|50592|50000
WP Kuala Lumpur|50594|50000
WP Kuala Lumpur|50598|50000
WP Kuala Lumpur|50600|50000
WP Kuala Lumpur|50603|50000
WP Kuala Lumpur|50604|50000
WP Kuala Lumpur|50608|50000
WP Kuala Lumpur|50609|50000
WP Kuala Lumpur|50612|50000
WP Kuala Lumpur|50614|50000
WP Kuala Lumpur|50620|50000
WP Kuala Lumpur|50621|50000
WP Kuala Lumpur|50622|50000
WP Kuala Lumpur|50623|50000
WP Kuala Lumpur|50626|50000
WP Kuala Lumpur|50632|50000
WP Kuala Lumpur|50634|50000
WP Kuala Lumpur|50640|50000
WP Kuala Lumpur|50644|50000
WP Kuala Lumpur|50646|50000
WP Kuala Lumpur|50648|50000
WP Kuala Lumpur|50650|50000
WP Kuala Lumpur|50652|50000
WP Kuala Lumpur|50653|50000
WP Kuala Lumpur|50658|50000
WP Kuala Lumpur|50660|50000
WP Kuala Lumpur|50662|50000
WP Kuala Lumpur|50664|50000
WP Kuala Lumpur|50670|50000
WP Kuala Lumpur|50672|50000
WP Kuala Lumpur|50673|50000
WP Kuala Lumpur|50676|50000
WP Kuala Lumpur|50677|50000
WP Kuala Lumpur|50678|50000
WP Kuala Lumpur|50680|50000
WP Kuala Lumpur|50682|50000
WP Kuala Lumpur|50684|50000
WP Kuala Lumpur|50688|50000
WP Kuala Lumpur|50694|50000
WP Kuala Lumpur|50695|50000
WP Kuala Lumpur|50700|50000
WP Kuala Lumpur|50702|50000
WP Kuala Lumpur|50704|50000
WP Kuala Lumpur|50706|50000
WP Kuala Lumpur|50708|50000
WP Kuala Lumpur|50710|50000
WP Kuala Lumpur|50712|50000
WP Kuala Lumpur|50714|50000
WP Kuala Lumpur|50716|50000
WP Kuala Lumpur|50718|50000
WP Kuala Lumpur|50720|50000
WP Kuala Lumpur|50722|50000
WP Kuala Lumpur|50724|50000
WP Kuala Lumpur|50726|50000
WP Kuala Lumpur|50728|50000
WP Kuala Lumpur|50730|50000
WP Kuala Lumpur|50732|50000
WP Kuala Lumpur|50734|50000
WP Kuala Lumpur|50735|50000
WP Kuala Lumpur|50736|50000
WP Kuala Lumpur|50738|50000
WP Kuala Lumpur|50740|50000
WP Kuala Lumpur|50742|50000
WP Kuala Lumpur|50744|50000
WP Kuala Lumpur|50746|50000
WP Kuala Lumpur|50748|50000
WP Kuala Lumpur|50750|50000
WP Kuala Lumpur|50752|50000
WP Kuala Lumpur|50754|50000
WP Kuala Lumpur|50756|50000
WP Kuala Lumpur|50758|50000
WP Kuala Lumpur|50760|50000
WP Kuala Lumpur|50762|50000
WP Kuala Lumpur|50764|50000
WP Kuala Lumpur|50766|50000
WP Kuala Lumpur|50768|50000
WP Kuala Lumpur|50770|50000
WP Kuala Lumpur|50772|50000
WP Kuala Lumpur|50774|50000
WP Kuala Lumpur|50776|50000
WP Kuala Lumpur|50778|50000
WP Kuala Lumpur|50780|50000
WP Kuala Lumpur|50782|50000
WP Kuala Lumpur|50784|50000
WP Kuala Lumpur|50786|50000
WP Kuala Lumpur|50788|50000
WP Kuala Lumpur|50790|50000
WP Kuala Lumpur|50792|50000
WP Kuala Lumpur|50794|50000
WP Kuala Lumpur|50796|50000
WP Kuala Lumpur|50798|50000
WP Kuala Lumpur|50800|50000
WP Kuala Lumpur|50802|50000
WP Kuala Lumpur|50804|50000
WP Kuala Lumpur|50806|50000
WP Kuala Lumpur|50808|50000
WP Kuala Lumpur|50810|50000
WP Kuala Lumpur|50812|50000
WP Kuala Lumpur|50814|50000
WP Kuala Lumpur|50816|50000
WP Kuala Lumpur|50818|50000
WP Kuala Lumpur|50901|50000
WP Kuala Lumpur|50902|50000
WP Kuala Lumpur|50903|50000
WP Kuala Lumpur|50904|50000
WP Kuala Lumpur|50905|50000
WP Kuala Lumpur|50906|50000
WP Kuala Lumpur|50907|50000
WP Kuala Lumpur|50908|50000
WP Kuala Lumpur|50909|50000
WP Kuala Lumpur|50910|50000
WP Kuala Lumpur|50911|50000
WP Kuala Lumpur|50912|50000
WP Kuala Lumpur|50913|50000
WP Kuala Lumpur|50914|50000
WP Kuala Lumpur|50915|50000
WP Kuala Lumpur|50916|50000
WP Kuala Lumpur|50917|50000
WP Kuala Lumpur|50918|50000
WP Kuala Lumpur|50919|50000
WP Kuala Lumpur|50920|50000
WP Kuala Lumpur|50921|50000
WP Kuala Lumpur|50922|50000
WP Kuala Lumpur|50923|50000
WP Kuala Lumpur|50924|50000
WP Kuala Lumpur|50925|50000
WP Kuala Lumpur|50926|50000
WP Kuala Lumpur|50927|50000
WP Kuala Lumpur|50928|50000
WP Kuala Lumpur|50929|50000
WP Kuala Lumpur|50930|50000
WP Kuala Lumpur|50931|50000
WP Kuala Lumpur|50932|50000
WP Kuala Lumpur|50933|50000
WP Kuala Lumpur|50934|50000
WP Kuala Lumpur|50935|50000
WP Kuala Lumpur|50936|50000
WP Kuala Lumpur|50937|50000
WP Kuala Lumpur|50938|50000
WP Kuala Lumpur|50939|50000
WP Kuala Lumpur|50940|50000
WP Kuala Lumpur|50941|50000
WP Kuala Lumpur|50942|50000
WP Kuala Lumpur|50943|50000
WP Kuala Lumpur|50944|50000
WP Kuala Lumpur|50945|50000
WP Kuala Lumpur|50946|50000
WP Kuala Lumpur|50947|50000
WP Kuala Lumpur|50948|50000
WP Kuala Lumpur|50949|50000
WP Kuala Lumpur|50950|50000
WP Kuala Lumpur|50988|50000
WP Kuala Lumpur|50989|50000
WP Kuala Lumpur|50990|50000
WP Kuala Lumpur|51000|50000
WP Kuala Lumpur|51100|50000
WP Kuala Lumpur|51200|50000
WP Kuala Lumpur|51700|50000
WP Kuala Lumpur|51990|50000
WP Kuala Lumpur|52000|50000
WP Kuala Lumpur|52100|50000
WP Kuala Lumpur|52200|50000
WP Kuala Lumpur|52700|50000
WP Kuala Lumpur|53000|50000
WP Kuala Lumpur|53100|53100
WP Kuala Lumpur|53200|50000
WP Kuala Lumpur|53300|50000
WP Kuala Lumpur|53700|50000
WP Kuala Lumpur|53800|50000
WP Kuala Lumpur|53990|50000
WP Kuala Lumpur|54000|50000
WP Kuala Lumpur|54100|50000
WP Kuala Lumpur|54200|50000
WP Kuala Lumpur|55000|50000
WP Kuala Lumpur|55100|50000
WP Kuala Lumpur|55188|50000
WP Kuala Lumpur|55200|50000
WP Kuala Lumpur|55300|50000
WP Kuala Lumpur|55700|50000
WP Kuala Lumpur|55710|50000
WP Kuala Lumpur|55720|50000
WP Kuala Lumpur|55900|50000
WP Kuala Lumpur|55902|50000
WP Kuala Lumpur|55904|50000
WP Kuala Lumpur|55906|50000
WP Kuala Lumpur|55908|50000
WP Kuala Lumpur|55910|50000
WP Kuala Lumpur|55912|50000
WP Kuala Lumpur|55914|50000
WP Kuala Lumpur|55916|50000
WP Kuala Lumpur|55918|50000
WP Kuala Lumpur|55920|50000
WP Kuala Lumpur|55922|50000
WP Kuala Lumpur|55924|50000
WP Kuala Lumpur|55926|50000
WP Kuala Lumpur|55928|50000
WP Kuala Lumpur|55930|50000
WP Kuala Lumpur|55932|50000
WP Kuala Lumpur|55934|50000
WP Kuala Lumpur|55990|50000
WP Kuala Lumpur|56000|50000
WP Kuala Lumpur|56100|50000
WP Kuala Lumpur|57000|50000
WP Kuala Lumpur|57100|50000
WP Kuala Lumpur|57700|50000
WP Kuala Lumpur|57990|50000
WP Kuala Lumpur|58000|50000
WP Kuala Lumpur|58100|50000
WP Kuala Lumpur|58200|50000
WP Kuala Lumpur|58700|50000
WP Kuala Lumpur|58990|50000
WP Kuala Lumpur|59000|50000
WP Kuala Lumpur|59100|50000
WP Kuala Lumpur|59200|50000
WP Kuala Lumpur|59700|50000
WP Kuala Lumpur|59800|50000
WP Kuala Lumpur|59990|50000
WP Kuala Lumpur|60000|50000
WP Labuan|87000|87000
WP Labuan|87010|87000
WP Labuan|87011|87000
WP Labuan|87012|87000
WP Labuan|87013|87000
WP Labuan|87014|87000
WP Labuan|87015|87000
WP Labuan|87016|87000
WP Labuan|87017|87000
WP Labuan|87018|87000
WP Labuan|87019|87000
WP Labuan|87020|87000
WP Labuan|87021|87000
WP Labuan|87022|87000
WP Labuan|87023|87000
WP Labuan|87024|87000
WP Labuan|87025|87000
WP Labuan|87026|87000
WP Labuan|87027|87000
WP Labuan|87028|87000
WP Labuan|87029|87000
WP Labuan|87030|87000
WP Labuan|87031|87000
WP Labuan|87032|87000
WP Labuan|87033|87000
WP Putrajaya|62000|62000
WP Putrajaya|62050|62000
WP Putrajaya|62100|62000
WP Putrajaya|62150|62000
WP Putrajaya|62200|62000
WP Putrajaya|62250|62000
WP Putrajaya|62300|62000
WP Putrajaya|62502|62000
WP Putrajaya|62504|62000
WP Putrajaya|62505|62000
WP Putrajaya|62506|62000
WP Putrajaya|62510|62000
WP Putrajaya|62512|62000
WP Putrajaya|62514|62000
WP Putrajaya|62516|62000
WP Putrajaya|62517|62000
WP Putrajaya|62518|62000
WP Putrajaya|62519|62000
WP Putrajaya|62520|62000
WP Putrajaya|62522|62000
WP Putrajaya|62524|62000
WP Putrajaya|62526|62000
WP Putrajaya|62527|62000
WP Putrajaya|62530|62000
WP Putrajaya|62532|62000
WP Putrajaya|62536|62000
WP Putrajaya|62540|62000
WP Putrajaya|62542|62000
WP Putrajaya|62546|62000
WP Putrajaya|62550|62000
WP Putrajaya|62551|62000
WP Putrajaya|62564|62000
WP Putrajaya|62570|62000
WP Putrajaya|62574|62000
WP Putrajaya|62576|62000
WP Putrajaya|62582|62000
WP Putrajaya|62584|62000
WP Putrajaya|62590|62000
WP Putrajaya|62592|62000
WP Putrajaya|62594|62000
WP Putrajaya|62596|62000
WP Putrajaya|62600|62000
WP Putrajaya|62602|62000
WP Putrajaya|62604|62000
WP Putrajaya|62605|62000
WP Putrajaya|62606|62000
WP Putrajaya|62607|62000
WP Putrajaya|62612|62000
WP Putrajaya|62616|62000
WP Putrajaya|62618|62000
WP Putrajaya|62620|62000
WP Putrajaya|62622|62000
WP Putrajaya|62623|62000
WP Putrajaya|62624|62000
WP Putrajaya|62628|62000
WP Putrajaya|62630|62000
WP Putrajaya|62632|62000
WP Putrajaya|62640|62000
WP Putrajaya|62644|62000
WP Putrajaya|62648|62000
WP Putrajaya|62652|62000
WP Putrajaya|62654|62000
WP Putrajaya|62662|62000
WP Putrajaya|62668|62000
WP Putrajaya|62670|62000
WP Putrajaya|62674|62000
WP Putrajaya|62675|62000
WP Putrajaya|62676|62000
WP Putrajaya|62677|62000
WP Putrajaya|62686|62000
WP Putrajaya|62690|62000
WP Putrajaya|62692|62000
